【白宇|罗非|照片】#罗非侦探的时装合集#,2020-03-28 19:10:46,"['白宇', '影视', '影视剪辑', '自制', 'CUT', '男神', '罗非', '绅探']","电视剧《绅探》罗非侦探的137截图照合集
背景音乐 : 白宇的《北极耳语》
PS : 张张不重样哦！！！","['【白宇】冷艳非非 在线踩点', '【白宇‖罗非个人踩点合集】', '生活不易，居居叹气 | 又名：在龙哥理智边缘疯狂试探的bei老师', '【白宇|台词向】不完全群像 大型耳朵怀孕现场', '【翻昀覆宇||白宇×张若昀】陈山与罗非的反派生涯（不是）●大小姐和大少爷的反派生涯', '【白宇】色气向剪辑Toxic', '【你好探长】白宇罗非。以罪犯视角+病娇配音（请戴耳机BGM：ARRIVAL）绅探视频征集', '【白宇x张若昀】种族不同也要恋爱 开车警告 伪三生三世 小甜饼 赠：楚怀之', '【白宇】《大花轿》《Treasure》舞蹈串烧', '同一个演员不同角色反差有多大【白宇（二）】', '【白宇/罗非】非非的礼仪小课堂上线啦！', '【白宇】白甜甜的嗲精终极教程', '【白宇】【沙雕向】当罗非遇上赵云澜系列对比，会不会成系列我也不知道', '【白宇水仙】【韩沉 | 罗非】大小姐和大少爷的反派生涯', '【绅探/西装暴徒/踩点/混剪】雅痞绅士白宇来了！！！', '【白宇】  【绅探】“不一样的侦探——多面转换”', '“中戏，教出来的是演员”', '【白宇/罗非】白宇哥哥的陕西话出来后，突然想起了佟湘玉', '【朱一龙|白宇】居北合体一直播的糖点cut', '【白宇】如果白宇不配合系列，记者：我太难了！']",100000002,15159,6,154,50,6,10,210,"['av100000002', '九位数嘛！？', 'up互粉吗', '搜av号能进来？', '一亿已经没了']"
av100000000今日诞生！带你看B站十年av号爆炸式增长,2020-03-28 21:58:13,"['数据可视化', '知识', '社科人文', 'av1亿', 'bv号', '发展史', 'av号']","热烈庆祝av100000000的诞生！
本视频av号: av100000003

视频中出现的链接有
av转bv算法: av98869161
bv转av插件: BV12A411874y
证明av号仍然存在并持续增长中: av99562371

BGM: 削除 - AXION","['【数据可视化】B站涨粉排行榜——近期涨粉最快的是谁？看完你就知道了！', '【终极考古】B站历年粉丝数排行！谁是榜首UP主，谁是时代眼泪？', '【av20】初音ミク(40mP) - 巨大少女【夢幻劇院PV 中文字幕】', '【东方x音游】各音游里的东方曲自制谱集合（长期更新）', 'B站近期掉粉最快榜,英梨梨゙,公主连结ReDive,徐大sao【吃瓜日报-2020年12月08日23点】', '【Cytus自制粪谱合集】我的前5张Cytus自制谱面', '守望先锋 威尼斯行动 哈瓦那行动 限定英雄爆笑过传奇方法', '美服ow开黑录像', '守望先锋 今天起将永久允许使用外挂？地图工坊自瞄模式视频', '300小时灵性堡垒集锦！', '【Cytus2自制】我的自制谱合集（长期更新）', '守望先锋新地图 巴黎 卡bug出图 跳埃菲尔铁塔教程', '【Cytus自制】Kitsune^2 - Rainbow Tylenol Lv.9', '【Cytus自制】96猫 - 嘘の火花 Hard Lv.8', '30个月的守望日记~纪念向！2017.3~2019.9', '【Cytus自制】汪苏泷 - 三国杀 Hard Lv.8', '【地图工坊】在守望先锋里玩lol 目前最真实的塔防模式体验视频']",100000003,17776,63,231,262,56,22,545,"['说几件事\n1. 相信使用概念版和bv2av的小伙伴们已经发现了，3/31起av号已全部变为随机9位数，即不再按顺序进行。其实在23日bv号官宣后(当时av号排到约av98640000)，部分up主的投稿av号已经出现随机数(如央视最后一个按顺序的av号是3/26的av99537691，下一个变为av837532303，此后全部随机)，而其余用户的投稿av号仍按顺序进行，如我和av99990000的up主。但31日下午起，全站用户av号全部变为随机。众所周知，av号的意义是“b站第几个视频”，每一个特殊的数字都映射着b站历史上的一小段缩影。现在不再按顺序排列，即便av号的数字还存在，但也仅存空壳，彻底失去意义。我们终于可以正式宣布：av时代彻底结束(2009.6.24~2020.3.31)！最后一个按顺序进行的av号应该落在av100670000区间，具体是多少有兴趣的同学可以去探索下。这将是真正的“最后一个（有意义的）av号”。\n2. av100000000不会有了。原因5可奉告\n3. av3由于无法找到原始稿件，不再补档\n4. av100000019 = av19补档，av100000020 = av20补档。欢迎各位去这两个视频回味小破站的初心！', 'R.I.P av1\n(2009/6/24 ~ 2020/4/5)', '立个flag 数据可视化今晚12点前应该能过审。av100000003\n另外2P我想放av3的补档，由于av3有两种说法：一个是 绯想天则比赛战报 另一个是 电影后会无期，我干脆两个都放，你们怎么看', 'cy2的Halloween party（音游人狂喜）', '音游av号\nav40000000\nav89999999\nav90000001\nav100000003\n日常性歌（']"
【8bit音乐】竹取飞翔,2020-03-29 14:19:15,"['东方', '音乐', '音乐综合', '东方PROJECT', '蓬莱山辉夜', '东方永夜抄', '音乐', '竹取飞翔']",av100000004,"['【初音未来MIKU】永夜霜月 Vocaloid ver.【TsuBaKi】「永-TOWA」【东方永夜抄中心同人音乐】', '【诸葛琴魔】竹取飞翔', '【东方钢琴MIDI】竹取飞翔 ～ Lunatic Princess', '【吉他】蓬莱山辉夜BGM-竹取飞翔~Lunatic princess 金属版cover', '【长笛&单簧】竹取飛翔（东方永夜抄）', '【东方管弦】永遠のお姬様（竹取飛翔~Lunatic Princess）', '【東方】竹取飛翔～Lunatic Princess', '[东方永乐抄]竹取飛翔 ～ Lunatic Teacher', '【东方/八音盒】竹取飞翔 ～ Lunatic Princess / 东方永夜抄\u3000～ Imperishable Night.', '【东方PV动画/竹取飞翔】moon light magic【JAZZ】', '【东方改编曲】月光（和风）【竹取飞翔 ～ Lunatic Princess】', '8bit版竹取飞翔', '蓬莱山辉夜-竹取飞翔', '【授权转载】【东方Arrange】曲风多变的竹取飞翔（良作推荐）', '【东方vocalPV】暁Records/少女綺想曲【例大祭14】', '【东方描改手书】 蕾拉的幸福理论 普莉兹姆利巴姐妹', '东方永夜抄组曲(充电男合作)', '【東方高清】『しゅわスパ大作戦☆』【PVD】', '【东方MAD】竹取飞翔', '竹 取 飛 翔——北宇治吹奏乐部演奏！']",100000004,2361,4,35,61,8,1,151,"['av100000004[OK]', 'av100000012\nav99999999', '加油取得av1亿', '新时代的车万', '东方怎么抢号这么厉害啊（恼火']"
音乐走起,2020-03-28 18:49:46,"['生活', '日常', '生活记录']",-,"['the real suger baby已知最高画质', '喵内~喵内~喵内~', '漫画家的人生：画下去！要一直画下去！', '【火花全明星】142秒听完鬼畜区50句粗鄙之语4！', '“你看，武汉的樱花开了！”', '去大理', '在路上', '专业团队 (Megalovania Cover) Astronomia', '【FA音乐】SANS的真正战斗曲', '妈妈，我和一只鹅成了朋友', '让xx变得高兴起来原版素材', '云演奏《我和我的祖国》| BUCT&DHU&SUIBE 同为抗疫工作者奏鸣赞歌', '悲伤神社', '日子', '《 骚 鸡 再 现 》', '啊这，我也就看了几百遍吧！！', '【8bit音乐】竹取飞翔', '糖鸡-闵玧其 朴智旻- Holla - 自制 渣剪', 'MADOX丨BELIEVE ME丨100% Vocals', '辑  你  太  美']",100000007,1477,2,20,3,0,0,22,"['嗯？av100000007？[惊讶][惊讶][惊讶]', '恭喜up获得首个过审的过亿正常av号', '由于av100000002的出现，将取消关注', '九位数时代真正开始', '目前最接近一亿的视频，一亿零七']"
【东方头破七分】 0721幻想乡 ～ History of the Machan,2020-03-29 00:51:00,"['鬼畜', '鬼畜', '音MAD', '创价学会', '东方头破七分', '久本雅美', '千年幻想乡', '创价', '0721', '必須アモト酸']",av100000010,"['【彈幕錄屏】おもらしえーりん(附n站彈幕)', '【创价】天国与地狱', '【创价】某五位数p1规避', '【东方头破七分】狂气的久本桑～ Invisible Full Airmoto', '【東方頭破七分】学会眷恋的幻想乡', '【東方頭破七分】竹取飛翔 ～ Lunatic Airmoto', '决战！！！创价学会！', '0721森林', '慧音老师的画像集', '宫古芳香的███画像集', '【创价】劝诱飞翔 ~ Lunatic Man', '【東方頭破七分】御本尊大人の通道', '琪露诺与因幡帝的音███流出', '东方头破七分合作～The Best Airmoto【2018创价祭】', '【東方頭破七分】御本尊様の山~ Religious Mountain', '【东方头破七分合作】老女本 3rd eyes', '久本雅美自卫动态版', '【东方头破七分】灵梦的私密写真流出', '【元首】千年纳粹乡～History of the ZhaZha', '蓬莱山輝夜画像']",100000010,3154,3,48,74,6,3,129,"['av100000010', '0+7+2+1=10', '又是东方？一亿后面怎么都是东方？你们是地下党吗？', '首页', '100000003和100000010都是东方[热词系列_爱了爱了]']"
【碳酸根的游戏实况】《奥日与黑暗森林（Ori and the Blind Forest）》小白老鼠666，会跑会跳biubiubiu~,2020-03-28 20:51:53,"['游戏', '单机游戏', '实况攻略', '游戏实况', '个人留念']",奥日与黑暗森林一周目全流程~个人留念向，渣分P警告……,"['【OST】Ori and the Blind Forest《奥日与黑暗森林》专辑', '奥日与黑暗森林   第一期', '【超清】奥日与黑暗森林ori 终极版 全剧情通关流程', '【猫诺】【奥日与黑暗森林终极版】全生命能量经验球收集', '画风极其唯美的游戏:奥里与黑暗森林Ori and the Blind Forest', '奥日黑暗森林 5', '【GMV】奥日与黑暗森林（Ori and the Blind Forest）失落与救赎', '【完结】嗨氏《奥日与黑暗森林》Ori and the Blind Forest：01-07猫头鹰NB，完结撒花~第二部见。', '《奥日与黑暗森林终极版》全收集100%地图探索全剧情终完美攻略视频', '【正常通关流程】奥里与黑暗森林【简单攻略】Ori and the Blind Forest', '奥日与黑暗森林Ori and the Blind Forest 个人娱乐实况', '【ori and the blind forest】终极版新地图黑根洞穴初见', '奥日与黑暗森林 Final 版 花絮（Ori and the Blind Forest）', '学会这13个小技巧让你的奥日滑着走！', '【PJ】Ori奥日与黑暗森林终极版 100％开图 全收集 按剧情3小时通关（共5P）', '【奥日与黑暗森林】到底讲了一个什么故事？剧情中那些感动与震撼的瞬间！Ori And The Blind Forest 感恩相遇！', '【1080P60】奥日与黑暗森林 标准版100%全收集通关实况', '（旧纪录）《奥日与黑暗森林》1小时 6分 58秒 100%完成度 最速通关speedrun Ori and the Blind Forest 1h 06m 58', '【完结】《奥日与黑暗森林》全剧情流程解说合集（共8p，已完结）', '飞奔吧Ori！国外玩家57分种通关奥日与黑暗森林实况（小哥自带吐槽与解说）']",100000012,697,2,6,3,4,1,12,"['av100000012 ！\nohhhhhhhhhhhhhhhhhhhhhhh\n这位up主你抢到了av100000002与av100000007之后的第三个破亿av号！在此祝贺！[鼓掌][鼓掌][鼓掌]', '恭喜神号AV100000012', '破亿了！！！！', '扫了一遍设置 发现没有中文hhh']"
【音MAD】Shibata layer,2020-03-29 14:27:59,"['鬼畜', '鬼畜', '音MAD', '久本雅美', '创价学会', '音MAD', 'Angelic layer']",av100000015,"['【创价学会】Blue Yellow Red Head Joe', '当年菜鸟-致曾经伴我们玩过Minecraft的伙伴', '【音mad】Oshakasama Scramble!', 'JOJO的奇妙镇魂曲（合作音mad）', '【入门向】对不熟悉创价者的入门视频', '【東方】 チルノのすうがく教室', 'The Sokapet', '宫古芳香的███画像集', 'NEET姬日常锻炼', '【音mad】Shibata layer', '这真的只是一个普通的过山车。', '『Maimai DX×创价学会』valsqotch', '⑨⑨⑨，天长地久般的共荣！', '八目鳗穴', '【BMS】 Angelic Layer', 'Nation Blue东方风arrange', '无乐感扒谱大法', '[BMS] ★★4 Angelic Layer 名人 HARD CLEAR', '【G2R2018】LIGHT OF HARMONY', '【C78】Cristierra\u3000Angelic  layer']",100000015,366,0,19,12,2,1,15,"['[呆]群里人推荐我投的，没想到撞了', '創價大勝利，av100000010也事創價，只要我們堆越多的創價，早晚會在屑站崛起', '有无人给个推荐，我实在想不好投什么', '这个PV是谁做的，已知音频国人', 'AV100000015']"
【合作转载】IP小站×败家洋子迷之生活-潮玩购物体验分享～拆盲盒福利满满,2020-03-28 19:43:34,"['拆盲盒', '开箱', '生活', '日常', 'IP小站', 'IP Station', '开盒', '潮玩', '盲盒']","https://www.bilibili.com/video/BV18J411z7Lt
【合作转载】IP小站×败家洋子迷之生活-潮玩购物体验分享～拆盲盒福利满满
合作拆箱UP主：败家洋子迷之生活，bv18J411z7Lt
更多福利，请关注IP小站，喜欢的话请长按点赞三连，等你来哦！","['终于收到了！伦敦宝可梦中心快闪店的限定商品！哩呲咔开箱', '【合作转载】IP小站×野上Ayla-」UP竟然拿IP小站送的礼物给粉丝抽奖', '【合作转载】IP小站×T子钵钵球-IP小站又来送惊喜啦~内含福利！两只都送给你们~', '【合作转载】IP小站×今天我偷渡成功了吗-福利开奖啦开奖啦 快来看看花落谁家', '【2000粉福利】拆kimmy&miki盲盒，点赞666评论区包邮送！真香！', '【合作转载】IP小站×雨沫芊浅-拆盲盒啦~视频末尾有福利吖~', '【拆盲盒】刘昊然你好，我来拆盲盒了。微信粉丝群已建立，可以截图扫码加入', '拆拆拆LOL闪亮球（全网最悲惨的拆盒经历！）', '【IP云逛展】20200320回顾 IP小站×王惊奇 DreamsStation 1.0 一期一汇', '【福利抽奖】盲盒福利来啦！粉丝破两千b站&粉丝群双开奖！感谢小伙伴一直以来的陪伴！（开奖详情见简介）', '「IP小站」拆萌奇牛油果 胖吉猫Pusheen魔法系列盲盒 最可爱的新款盲盒 福利向 UP送6个盲盒啦', '拆五个玩具总动员4的盲盒', '拆Tokidoki独角兽和Starry星河系列盲盒及测评（误）。', '【拆盲盒&福利】潘神爱丽丝优享抢先拆～超级可爱！', '【自制】雀巢KitKat奇巧迪士尼“武功米奇”ip联名手办巧克力黑巧威化零食礼盒', '[盲盒1r1个]比心兔1块钱？视频里送盲盒福利！中奖率超高！送台产米数不雕花', '【合作转载】IP小站×zf蓝宝-IP小站潮玩平台购物分享，最新的盲盒开箱，结尾依旧是抽奖福利！', '【合作转载】IP小站×八圣熊x-非也就算了还带着点绿hhIP小站双十一回血福利，撕裂熊、阿狸、樱桃小丸子、kimmy&miky', '【合作转载】IP小站×闪闪啊V-海绵宝宝半解剖kimmy&miki动物系列+LULU猪六连拆', '【盲盒|好物推荐】新的一年疫情期间东京来拆盲盒｜dimoo优享｜拼乐高｜分享星巴克福袋｜有的没的的购物分享']",100000017,177,0,6,0,0,0,5,"['第17个破亿av', '来啦！', '我見證了歷史！！', '[热词系列_打卡]', '我昨天刚买了这个音乐盲盒']"
【东方】幻想乡～旅行的结束～ver1.0,2020-03-28 22:23:10,"['手书', '东方', '动画', '短片·手书·配音', '东方PROJECT', '东方手书剧场', '远古视频']","作者：kagikake
十二年前的远古老物，也是av19的原视频，算是补档吧。av19可能是b站第一个手书视频","['[豪华版]东方游戏魔改  真·东方朱元璋', '【东方逆转裁判】东方华灯宴特别法庭', '【冴月麟的】冴月、冴月、冴月麟！', 'av19【补档】---   幻想乡-旅途的终点', '这次疫情会让B站倒退5年', '【東方】污秽的婊太阳 第一章', '姆Q自动贩卖机（1回100円）', '差点吃掉觉之瞳的恋恋', '东方幻想万华镜', '【快板】幻想乡内马拉松 各方神仙显神通', '【4K修复】【東方】魔理沙＼(・ω・＼)ＳＡＮ值！(／・ω・)／危机！【手书】', '幻想乡末日前的三小时', '爽到爆炸的同人游戏，操控时间秒杀一切【游戏挖掘室03】', '东方版《搞笑漫画日和》', '2019年最值得剁手的东方同人游戏', '吸血鬼“进化史”，逐渐萌化！！', '【BanGDream手书】无论濑田薰说什么都不会听的白鹭千圣', '（FGO×东方）我的从者居然去了幻想乡？盘点FGO和东方同人作品中那些CV相同的角色', '【40mP】悪役にキスシーンを Kiss the Villain【初音ミク】', '[MUGEN]小恶魔人物发布']",100000019,6206,5,21,259,16,10,365,"['av100000019 = av19\nav100000020 = av20\n回归初心！', 'av19 av100000019 刚好一万，一万这个代表av号“结束”的数字', 'av100000019，恰好隔着1亿个av号', '好几个神号都是东方[热词系列_爱了爱了]还能战几年', '师酱退休，师醬却还在搬运视频，av19到av100000019\n原来东方强大的生命力并不只来源于它强大的创作活力，更来源于它生生不息的，传承的精神']"
【av20】初音ミク(40mP) - 巨大少女【夢幻劇院PV 中文字幕】,2020-03-30 20:42:18,"['初音未来', 'VOCALOID', '音乐', 'VOCALOID·UTAU', 'PV', 'MIKU', '补档']","本视频av号：av100000020
回归初心，特将此av号用于补档av20，B站第一首V家曲！附带PV及歌词日文+中文字幕~

原曲链接：sm7164046
作词/作曲/编曲：40㍍P
曲绘：ぎた
Logo设计：arico","['【鏡音リン/中文字幕】AI情劣等生【かいりきベア】', '【初音ミク】Hatsune【1640mP】', 'DECO*27 - ポジティブ・パレード feat. 初音未来', '【初音ミク】把大家都MikuMiku掉♪【极赞PV】', '【初音ミク】 追想陽歌 【40MP】', '【40mP】悪役にキスシーンを Kiss the Villain【初音ミク】', '【初音ミク】破瓜【のうべんばあ】【补档】', '【初音ミク】与反派的吻戏【40mP】', '【40mP】恋愛裁判 Love Trial【初音ミク】', '【まふまふ】幽灵法则', '【40mP】SHAKER【初音ミク】', '【40mP】活動小丑【Music Video】', '【初音ミク】就算没有爱 只要有你就好【ピノキオピー】', '【40mP】眠れない夜に【初音ミク】', 'DECO*27 - 乙女解剖 feat. 初音未来 (TeddyLoid Alllies Remix)', '「Cytus2」PAFF新神曲-So in love-好听到爆炸-浑沌MM-谱面欣赏向！', 'DECO*27 - アンドロイドガール feat. 初音未来', '【初音ミク】 巨大少女 【40mp】', '【40mP】からくりピエロ Karakuri Pierrot【初音ミク】', '【初音ミク】砂之行星【ハチ】【魔法未来2017主题曲】']",100000020,10604,27,117,504,58,13,625,"['[星星眼]', '想来重温一下av20结果没了！很感谢up把它找出来', '三连了，up强[热词系列_吹爆]', '我看过av20原版', '[2233娘_大笑]还是耐听']"
【手书】实力至上的完美主义教室（琪露诺的完美算数教室）治愈向,2020-03-31 20:31:10,"['东方', '动画', '短片·手书·配音', '东方PROJECT', '琪露诺的完美算术教室', '音乐', '琪露诺', '治愈向']","av100000023
本家：nm7103480
P1作者ドル
miku版：av31019
油库里版：av6907","['妈妈会唱《未闻花名》是什么样的体验？？？？？？？？？？？？？？？？？？？？？？？？？？？？？？？？？', '琪露诺的完美算术教室 ⑨周年版本（4分钟版）【IOSYS】', '【弹幕祭应援】 緋色月下、狂咲ノ絶-1st Anniversary Remix', '⑨⑨⑨，天长地久般的共荣！', '【重投】琪露诺⑨的天才算数课堂【1080P重置】', '【東方】 チルノのすうがく教室', '【狗妈唱东方曲】神楽七奈的完美算术教室', '[治愈]感人的琪露诺无字短漫', '【東方電気笛】合集', '【内嵌字幕】琪露诺的完美算数教室 ⑨周年版 【IOSYS】', '布加拉提的简单光头教室', '魔理沙は大変なものを | 魔理莎偷走了重要的东西[中文字幕]', '【东方逆转裁判】东方华灯宴特别法庭', 'av21【补档】----琪露诺的完美算术教室', '【授权转载】【Nika Lenina】《琪露诺的完美算数教室》俄语版', '【巨硬鬼畜】Windows⑨的完美算数教室（Win9被跳过发布的原因？）', '【钢铁雄心4TNO同人】迈耶的完美经济教室', '【东方】初音歌:琪露诺的算数教室【强烈推荐】【中字】', '琪露诺的完美空耳教室！', 'av22 【补档】----咲夜さんとお嬢様でせっこりんらぁん (＞ヮ＜)', '【粤配】琪露诺你也有这一天！']",100000023,6361,8,40,336,49,32,439,"['感觉有点心酸……', 'av100000223', 'av100000023', 'av100000023？？？', '唉']"
悲伤神社,2020-03-28 20:14:08,"['音乐', '音乐综合', 'FL', '音乐', 'BGM', 'ほのぼの神社', '音乐选集', 'cookie☆']","昨天做了好事，所以更一下视频
(差一点就得到了...)","['【弹幕付】終末神社', '【cookie☆】致爱丽丝的神社.bach', '不温暖的神社', '【cookie☆】悲伤之地神社.kanashii', '【cookie☆】悲傷的回憶神社', '【COOKIE☆】古典主义神社.vienna', '旋律上下反转神社.negative', '掘者络绎不绝之桥', '走向灭亡的神社.mp4', '末日神社(前奏)', '【东方手书声剧企划】乐园☆惊梦', 'LOVE TOGETHER神社．nona', '只有神社哦♪童贞老师♪', '春画要求姐贵・北海道', '【cookie☆】傷心神社', '【cookie☆】悲伤的战斗神社.kts', '八目鳗神社.mp3', '睡觉的NEL姐贵CB', '我被浣肠骗了(´；ω；`)！', '八目鰻神社']",100000024,263,0,4,5,5,0,19,"['恭喜，av100000024', '100000000？！24！', '114播放太草', '恭喜!车万（或者是曲奇）AV100000000+第一个视频！（']"
最佳新秀之争！莫兰特还是锡安？,2020-03-28 18:47:14,"['NBA', '篮球', '体育', '生活', '运动', '莫兰特', '锡安威廉森']",https://m.weibo.cn/6499653743/4485754988679395,"['【东契奇/锡安/莫兰特/特雷杨】新秀崛起，炸裂开场，超燃混剪！', '中文字幕 恶搞锡安和莫兰特视频连线，探讨谁才是NBA年度最佳新秀', '这一届新秀中的双子星。锡安和莫兰特，互换球衣。代表着新一代的能力，未来怎么样还需要时间去检验！希望他们都能继承曼巴精神！！', '【贾-莫兰特】最佳新秀莫兰特？Ja Morant高燃混剪', '自封“控卫之神”贾·莫兰特高燃混剪', '[60帧]  这个新秀不简单 贾.莫兰特超强混剪', '【锡安/莫兰特/高燃混剪】谁才是最佳新秀？', '【贾·莫兰特|高燃混剪】这就那个最佳新秀？威少+保罗合体版？', '你好胖虎，我叫莫兰特——莫兰特高燃混剪', '【贾·莫兰特超清混剪】不管你是谁，老子就是要隔扣你！', '莫兰特vs锡安【谁是最佳新秀？】', '【贾·莫兰特/高燃混剪】灰熊未来爆炸后卫贾·莫兰特高燃混剪', '【新秀赛美国队出场】新秀挑战赛正式开打，由特雷杨，锡安和莫兰特领衔的美国队出场！', '锡安、莫兰特、巴雷特，你认为谁能够拿下今年最佳新秀?', '莫兰特，最佳新秀，炸框表演 “控卫之神”', 'NBA19-20赛季 混剪 Vol.2', '莫兰特&锡安  两人联手是什么画面？', '庸碌压不碎壮志，岁月埋不住天赋，“迟到的天才”莫兰特', '【未来可期】胖虎&莫兰特劲爆混剪', '【中字】最火爆新秀-贾·莫兰特的故事（登上SLAM杂志封面访谈）']",100000025,1597,2,5,13,1,2,35,"['没有了，没有最佳新秀了[大哭]', '第一 疫情期间 请带口罩', 'av100000025', 'av100000025', '灰熊和76人是这赛季最令人惊喜和惊吓的球队。']"
《假偶天成》前奏已完，正式开始！！！,2020-03-28 18:50:38,"['影视', '预告·资讯', '预告片', '假偶天成', 'Sarawat', '赢崽']",第一弹,"['只因我们天生一对', '【假偶天成】赢仔真的长在我的笑点上', '【泰星】听说最近泰耽颜值直线上升？？！盘点那些我爱的泰攻！！', '【已脱粉Bright】', '【宇宙邵年】烧好饭到底有多爱吃醋？？？', '【Mark 陈瑞书】山野万里，你是我藏在微风中的欢喜', '【Krist&Singto】《为什么要来》这歌有毒！！', '【win】这货是吃可爱长大的吧~', '【假偶天成】这版预告太带感了，老实讲虐的情节我也很喜欢啊', '泰剧【假偶天成】第07集CUT之我要正式追求你@喜翻译制组', '【BrightWin最新营业】我报警了！！！为什么会这么甜 School Rangers高甜片段', '【BirghtWin】赢仔说喜欢亮仔的嘴看到就想亲的那种～aaaaaaa', '《假偶天成》追就追啊！！！', '来自兔兔的暴击！！win真是太可爱了吧想', '泰剧【假偶天成】就亲一下嘛@喜翻译制组', '《假偶天成》哇～～爱情开始的地方！！原来是一撞钟情！！', '【假偶天成】年度心动场面 『一见钟情』 [原著向Sarawat独白]', '太甜了吧！赶紧把民政局给他俩搬过来', '泰剧《只因我们天生一对》OST《阻挡我的爱》中字MV', '【假偶天成】呜呜呜win崽真的可爱到爆！大白兔奶糖本糖！好想解救（欺负）他！']",100000030,644,0,11,5,0,2,11,"['现有最大av', 'av100000030', '……\n什么？嫌我水？\n我一串省略号还不够吗？\n这么大的场面，我还用说什么呢？\n如果真让我说，那我只想说：\n跪求up别删！！！\n历史是应该让人铭记的！！！！！！\n这是av100000030！！！！！！！！！', '考古刘明', '不造为啥，我特想看win吃醋的样子哈哈[妙啊]']"
【今天看电影】豆瓣高分美国动作电影，公交车上装有炸弹，基努里维斯营救众人,2020-03-28 20:16:16,"['电影解说', '影视', '影视杂谈', '动作片', '动作', '经典', '基努里维斯', '犯罪片']",豆瓣8.1的美国犯罪动作电影《生死时速》，讲述了炸弹专家在公车上安装了炸弹，特警老哥必须追上公车，拯救众人的故事。,"['「黑客帝国」三部曲上线：进入矩阵！', 'b站八首神曲 可否有所耳闻？', 'EXO~Sehun   BGM:beautiful now', '猫：还真tm全是名场面', '失恋33天 经典片段 黄小仙追车 回顾电影只为看这一段', '超长版史上最全合集，不写作业母慈子孝，一写作业鸡飞狗跳（上部）', '【全明星联动】劝谏“东哥”讲述：贪得无厌是社会上的有害垃圾', '距离这部番完结也有十年了。。', '2020最新动作电影 特战队员潜入东欧营救人质 狙击手清理暴徒', '五部年度最新动作电影，你都看过了吗', '【同人动画】幻想乡特异点：时之海 （原时王OP）', '最重要的政治隐喻（下）：福柯的“圆形监狱隐喻”- 《规训与惩罚》', '2020年动作电影《惊天营救》片头动作片段', '【魔鬼代言人】基努里维斯X阿尔帕西诺-微踩点-甜蜜向-1080p-纵使你泯灭良知，我的目光也一直追随你', '【欧美群像】你做初一我做十五~相爱相杀向（又名家暴实录）', '一见刘德华，便可误终生。公交车上的奇遇成了影史最美画面。', '美国男子持枪劫持公交车\xa0数十辆警车狂追其后', '广 州 高 中 生.114514', '一部摁着我脑洞摩擦的电影，爆笑解说美国高分电影《超体》', '《请回答1988》公交车经典片段，狗善高甜！', '【搬运】哆啦A梦特别视频『大雄是名司机！？』']",100000039,226,1,8,5,0,0,3,"['我已确认此视频是B战最后一个av号视频', 'av100000039', 'ying', '进入bv时代']"
辣椒酱的制作方法,2020-03-28 18:38:11,"['美食', '美食', '美食制作', '美食制作', '美食vlog', '辣酱', '辣椒']",-,"['厨师长教你：“家常辣椒酱”的做法，鲜辣且回味无穷，先收藏了', '4种经典下饭酱合集来啦，各种酱超全制作方法教程，分分钟学会！', '鹏厨分享：辣椒酱的制作方法，不用发酵，真材实料吃着放心', '湖南传统辣椒酱做法，每年都要做上几十瓶，拌饭拌面都好吃', '几个红辣椒，一桶甜面酱，做出妈妈味道的炸辣椒酱，方法简单易学', '辣椒酱制作方法', '自制万能剁椒酱，配方比例告诉你，又香又辣，配啥都好吃！', '分享家庭版剁辣椒酱的制作方法，简单的美味，开胃神器！适合做剁椒类菜肴！', '香辣南瓜', '万能酱', '辣椒酱制作方法', '【叉烧酱】在家自制叉烧酱，简单方便，成本仅需2块钱，比买的好吃多了', '哇 我终于出门了！|| 走 去看看春天', '春日限定！分享一下我家的花花草草！', '378万播放，收益多少？为何最后会放弃？', '15000一斤！世界最贵香料藏红花，做成直击灵魂的西班牙海鲜饭！', '日本街头美食-玉子烧，好玩又好吃。', '秘制“火鸡面酱汁”，为了粉丝，一口气吃完两大盘，我太难了！', '非洲版西红柿炒鸡蛋', '【群绘Ep01】色彩的主观应用：王者荣耀签约画师教你画色彩，上色原来有理可以依|群绘命题：中世纪城堡|群绘第一期·直播录屏']",100000045,432,0,2,2,0,1,1,"['这会是最后一个吗', 'av100000045[热词系列_知识增加]']"
得知兄弟有难 飞奔支援,2020-03-28 19:14:33,"['影视', '影视剪辑', '剪辑', '电影剪辑', '电视剧']",-,"['《夺冠》电影独家热播中！', '【蜡笔小新新娜】该怎么去形容你最贴切', '【超级教师】混黑社会学生，带老师见自己大哥', '一开口就知道 老变声器了', '剧情混剪：那个年代的爱情也太甜了，干净纯洁', '他虽然是个亡命徒，但是他是一个好哥哥！', '黑道老大去学校当老师，有点逗', '网易云评论不到1万的冷门神曲TOP30，好听到炸裂，一定要带上耳机！！！', '诺克:我这是对线了个什么鬼东西啊！', '美罗斯福号航母舰长4页求救信请求上级支援', '如何凭一己之力把游戏直播成禁播游戏，这样的手段怕是没谁了', '这波你能忍住不笑？', '停止你大胆的想法', '兄弟们开饭啦', '猪狗朋友', '火遍全网的华语神级现场TOP20，直接开口跪，瞬间耳朵怀孕！！！', '黑社会老大暴打禽兽老师', '武  林  绝  学', '［超级教师］1-8：兵哥狠揍光头党，收获小萌妹一只！', '哇 我终于出门了！|| 走 去看看春天', '超级教师第十一集']",100000048,139,1,2,1,0,0,2,"['此号av100000048', '打破零评论']"
哇 我终于出门了！|| 走 去看看春天,2020-03-28 19:08:32,"['生活', '日常', '生活', '风景', 'VLOG', '春天', '记录']",-,"['不优秀的时候VS优秀的时候', ""LISA油管频道 《LILI's FILM》系列 合集【BLACKPINK】"", '教你如何摧毁一段友情', '女团腿 去头尾 自用', '中国BOY看自己第一个露脸视频的反映', '把很多柠檬榨汁用来泡面！吃完面喝口汤感觉牙齿漏风了！', '【油画棒】小白玩转大师风景照片写生油画棒教程', '你好，春天！', '听说纳豆奶奶改了日本国籍？', '石 上 真 男 人', '【回国隔离生活】有饭有床有Wi-Fi，能坚持在一个房间里待多久？14天被动隔离技能开启！还好擅长苦中作乐- ̗̀(๑ᵔ⌔ᵔ๑)', '沙雕混剪', '荣耀', '小面积种植多种蔬菜的九个技巧', '一夜暴富！我的18岁礼物竟然是套房子！', '当晚自习突然停电', '我 在家的一一一天', '超尬！挑战抖音迷惑小学生！你能坚持看完吗？', '帮未成年纹身，父母找上门要砸店闹事！', '嘿！湖南卫视。谢谢你对我的肯定，但是不必了。']",100000049,412,1,21,5,23,1,20,"['av100000049', 'bgm好听呀', '呀，小姐姐好好看', '美女我来啦', '你怎么才更新[喜欢]']"
影 流 之 主,2020-03-28 18:49:05,"['影流之主', '生活', '其他']",-,"['郭老师口误合集', '【川普&局座】笼 中 对', '“老婆：这个男人应该跟我结婚的，后宫：他明明是我的”面对妹子们的各种争抢太难了', '建 议 改 成:恩 断 义 绝（梅 开 二 度）', '建 议 改 成 ：印 度 神 曲', '【av20】初音ミク(40mP) - 巨大少女【夢幻劇院PV 中文字幕】', '空 降 奇 兵', 'B站最能抢号的5个UP主', '影流之主皮肤小合集', '（鬼畜视频）金 坷 垃 好 处 都有 啥？', '【GTA5】第四个结局，麦克和崔佛把小富杀了', '废物萌新终于过了夜王突破，不容易不容易。', '建 议 改 成 : 幸 运 儿（必火）', '《鬼灭之刃》完结', '“每天一遍，恋早前提”', '【av100000000】b站视频破亿了！第一亿个视频十小时循环（补档）', '阴阳师周年庆 抽卡的痛！SP大岳丸姑获鸟尽收碗底！', '《王者荣耀》操作设置教学 上分更简单', '健身环三周目111天，居然有喷射战士的音乐']",100000059,99,0,3,1,0,0,7,"['av100000059', 'Hh', '水   视    频']"
哈哈,2020-03-28 18:55:57,"['绘画', '生活', '绘画', '原创']",-,[],100000062,44,0,1,1,0,0,3,['av100000062[热词系列_知识增加]']
健身环三周目111天，居然有喷射战士的音乐,2020-03-28 21:17:21,"['独立游戏', '游戏', '单机游戏', '运动', '主机游戏']",,"['《夺冠》电影独家热播中！', '【Splatoon2】真当乌贼语是乱叫？满分乌贼语让你知道乌贼曲目背后真正的歌词内容！', '健身环三周目101天', '[Splatoon2/喷射战士2]演唱会 KYOTO MIX [Nintendo Live 2019]', 'Splatoon2（喷射战士2 ）章鱼DLC  中文字幕（主线剧情已完结）', '「健身环」第五天打卡，第三地图开始！', '【虎皮呆椒】健身环大冒险 day41 活动一下', '【女流】这就是被抢断货的《健身环大冒险》，我真是捡到宝了', '（剧透预警）【最上游】2017年十大游戏金曲', '【八爪圆】电贝斯cover-Splatoon2—喷射战士—inkoming！', '健身环三周目109天', '【不买后悔·免费更新】超高难度马里奥 塞尔达 喷射战士组曲评测体验 健身环大冒险卖断货又要涨价了 累瘫', '健身环  音乐模式  喷射战士', '健身环三周目112天', '喷射战士2跟着音乐跳起来~', '喷射战士2 BGM录制映像  スプラトゥーン2 BGMレコーディング映像', '非酋的健身环三周目97天', '健身环三周目125天，环人合一，这衣服有点丑', '健身环大冒险更新！明星IP音乐节奏游戏展示', 'Switch 健身环大冒险 平板支撑真的做到累死人…  日常训练Day10 #vlog07 游戏 NS', '健身环三周目88天，白嫖没关系，发个下次一定弹幕也好']",100000063,121,0,6,1,0,1,0,"['已经有更晚发布的视频用了更小的av号，所以说。。。[热词系列_知识增加]', 'av100000063[热词系列_知识增加]']"
【C语言 & EasyX】《手指加法游戏》代码展示,2020-03-28 18:59:22,"['技术宅', '知识', '野生技术协会', '经验分享', '制作过程', '学习心得']","【C语言 & EasyX】《手指加法游戏》代码展示
小时候玩的两个手的加法游戏，当手上的数字达到9或0即可获得一只手的胜利","['懒猫老师-C语言-链表作业3：多项式加法(链表练习,链表应用)', '【C语言 & EasyX】《翻牌游戏》代码展示', '【C语言 & EasyX】《2048》代码展示', '【C语言/EasyX】做游戏，学编程 C语言/EasyX游戏开发【自取课程资料，评论区置顶】', '【算法教程】大数加法与大数阶乘', '【C语言游戏】打字练习游戏', '10分钟教你用c写贪吃蛇', 'C语言图形界面easyx安装使用教程和多球反弹[C语言游戏入门图形篇一]', 'C语言做游戏，大一的新手作品[讲解]', 'D__代码_加法计算器.exe 2020-05-27 17-12-58', '【C语言 & EasyX】《翻牌游戏》（类似Purble Place）', '一个星期用Ｃ语言做的游戏——可乐的梦想', '大二学生大作业-五指棋、雷电战机、贪吃蛇、打地鼠等、坦克大战、2048等游戏、图书管理、曲线绘制、车辆管理等程序', '【C++】用DEV C++编写简单的加法运算程序代码', 'C语言+easyx图形库开发的英语单词记忆软件', '上个世纪编程大赛第一名的作品 竟然只有13KB？', '最新游戏开发教程——用EasyX打造贪吃蛇游戏', '【C语言 & EasyX】《2048》', 'C语言初学，请各位大佬比较一下哪种更好一些', '引用EasyX库的C语言编程：类似贪吃蛇的鼠标移动效果']",100000081,113,0,4,4,3,0,9,"['av100000081[热词系列_知识增加]', 'av100000081[热词系列_知识增加]', '。。。']"
Zee saints  抖音日常,2020-03-28 19:02:24,"['生活', '日常', '搬运', 'zee saints', '记录']",突然刷到，我TM磕爆。为美好兄弟情流泪,"['Zee李海海抖音1', '接地气女明星！一个发卡小礼物，就让张雨绮开心的！太可爱了！', '李海海zee和黄明明saints原来真的誓你', 'HZNU/杭师大/2019校十佳歌手片段/心脏/天边外/never enough/明天过后', '实不相瞒，当初我一眼就看出这唐三不是什么好人......', '危 在 旦 夕', '真·鸡蛋灌饼', '【C语言 & EasyX】《手指加法游戏》代码展示', '#ZEEPRUK##李海海#海哥ig抖音', '20200420李海海Zee 直播', '【周深】青春环游记加长cut不用低头就可以过的船形屋崽崽不要面子的吗？', '前方高能！原创卡点一次看个够~卡洛斯向op【宇宙星神】', '翻唱秦牛正威的rap 蛋黄的长裙蓬松的头发', '大家好，我是汪峰，B站我来啦！我的全新专辑《2020》正式上线~', '卖游戏账号差点被骗了 新手在二手平台上卖东西一定要注意']",100000082,90,0,1,2,0,1,3,['av100000082']
【造梦西游外传】金牛VS龙蛛,2020-03-28 18:43:31,"['造梦西游', '游戏', '网络游戏', '网络游戏', '新人', '娱乐', '造梦西游外传', 'bilibili新星计划']",-,"['【造梦西游外传】创建房间2v2', '【造梦西游外传】金狐VS鹏蛛', '【造梦西游外传】坠龙之地（2）', '遇到游戏圈著名素质大佬', '【造梦西游外传】我好蔡啊', '【造梦西游外传】精英五官王重制版', '唐三角VS沙牛（杀牛）', '狐狸1v2及越塔合集', '【造梦西游外传】金角赛季皮肤', '【造梦西游外传】金狐VS沙僧广目', '【造梦西游外传】木吒赛季时装，但是我没有木吒〒▽〒', '【造梦西游外传】这个通天太莽撞', '【木影人3616】《造梦西游外传》坠龙之地2', '建议改成：好  兄  弟', '看完日本人往手游里充钱的理由，我差点就把房子给卖了。。。', '〔正砸〕造梦西游外传－感觉我适合助攻', '【造梦西游外传】十连招募，我想哭', '《植物大战僵尸》你绝对不可能知道的6个技巧', '【造梦西游外传】十连夺宝（真好）', '1人=10人，造梦从来都只是一个人的游戏。悟空单挑梼杌']",100000084,185,0,11,5,4,1,19,"['av100000084[热词系列_知识增加]', '我一开始以为金牛指穿皮肤的牛魔，以为要一挑二呢', '这BGN用了多久了…[笑]', '[热词系列_三连]今天打过困难高台，心情美美哒', '[吃瓜]']"
翻唱秦牛正威的rap 蛋黄的长裙蓬松的头发,2020-03-28 19:27:27,"['嘻哈', 'RAP', '说唱', '翻唱', '音乐', '翻唱', '女声']",-,"['燃炸说唱舞台重启！睡什么睡，一起zào起来！', '全网最好听的淡黄的长裙 蓬松的头发 教秦牛正威真正的说唱！', '当懒羊羊唱起淡黄的长裙 蓬松的头发', '长 裙 妙 妙 屋（淡黄的长裙，蓬松的头发）', '全rapper翻唱淡黄的长裙大赏', '最强自夸王！！！！！', '正规rapper唱“蛋黄的长裙，蓬松的头发”  是怎么样的？还挺好听的', 'ICE也来翻唱秦牛正威！旋律说唱“淡黄色的长裙，蓬松的头发”', '淡黄的长裙 蓬松的头发【B站男reader翻唱】', '蛋黄的长裙 蓬松的头发～', '大笑的秦牛正威Rap翻唱来了“淡黄的长裙，蓬松的头发”', '听完这首歌，保证你今年都忘不了“淡黄的长裙 蓬松的头发”', '19位rapper演绎蛋黄的长裙，蓬松的头发！！！', '【淡黄后生仔】淡黄的长裙，蓬松的头发', '【魔性翻唱】《淡黄的长裙，蓬松的头发》——秦牛正威&李熙凝', '你们点名的“淡黄的长裙”来了……一个reader的翻唱', '别考研了，你考不上的！【燃】', '蛋黄的长裙 蓬松的头发，全rapper翻唱大赏', '【蛋黄的长裙，肉松的头发】我也来玩翻唱秦牛正威rap！请大家耳朵配合怀孕一下！Pick我阳间歌曲榜首！', '【PPAP】“淡黄的长裙，蓬松的头发”之音游爆款！', '淡黄的长裙，蓬松的头发？？这歌在说我嘛']",100000087,204,0,5,2,2,0,6,"['av100000087', '挺好听的呀[热词系列_爱了爱了]', '我也想问beat', '竟然是首页来的', 'beat是啥']"
卖游戏账号差点被骗了 新手在二手平台上卖东西一定要注意,2020-03-28 20:26:15,"['生活', '日常', '生活记录', '骗子', '自制', '闲鱼', '卖号', '骗局']",封面是我后来又登陆转转平台的时候 发现骗子号已经被平台封了应该是有人被骗后投诉的原因，可能大家看完视频感觉这些骗子技术很低级 但是如果UP主没有事先查询保证金的用途也可能是被骗了,"['闲鱼交易超过40万的老闲鱼，告诉你现在目前最严重的三种骗术。', '王者荣耀账号购买，带你测测咸鱼的平台的水深', '在闲鱼上花100块钱买的16个紫皮第五账号转手你觉得值多少钱？', '卖游戏号有风险', '闲鱼咸鱼卖东西惨遭到手刀？被骗？被套路？八步避坑指南|建议收藏', '二手平台遇到一个骗子 各位小伙伴也要提高警惕', '卖号的钱提现时必须在账户上预留零头？不然就全部冻结！我从未见过如此厚颜无耻的骗局', '被骗全过程！骗子是如何让我负债1w5', '闲鱼上卖东西注意了，卖家居然被买家给骗了', '快过年了，我卖游戏账号，差点被骗2万5！', '【挂骗子】石锤！up主充值18000+的第五账号被盗！这个恶心的骗子还要借主播的号玩，大家一定要看看，不要再被他骗了', '闲鱼3个号一年50万收入，到底做二手平台赚钱容不容易赚钱？', '被骗王者荣耀账号怎么办？教你如何应对(亲身经历)', '损失6000元，最近闲鱼卖货账号被封了很多，一定要注意这3个细节', '在闲鱼卖游戏账号，被骗子盯上了', '【以小博大】什么才是在闲鱼等二手平台购买二手产品的正确姿势 二手平台的选择 搞价 购买指南 90后科技说', '【干货】我在闲鱼换物被骗！我把骗子告上了法庭！良心up主告诉你该怎么一步步回击骗子，打击犯罪！', '揭秘闲鱼骗局｜骗子竟然主动给我转钱？｜返利拉人头｜同城自提骗术', '闲鱼被骗不要哭，这个方法让骗子乖乖还回来。', '当你在忍3遇到买号的骗子']",100000089,5126,4,56,6,12,7,65,"['报警吧 只要受害者够多 可以试一下\n不能让对方有种小额侥幸的心理', '我今天遇到一个 让我交什么包赔的保证金1000 我账号才50块钱 不可能是真的吧 反正没交', '买卖账号推荐5173交易平台  别的二手交易要么是骗子  要么不是专业账号交易平台 漏洞百出', '假网站假邮件假客服，一句话，任何交易平台不可能会私下给你发邮件的', '我早上在转转充值了69元流量，卖东西，晚上号给我封号了，说什么我卖假货，我一脸懵逼']"
【小白向】教你怎么画出绘本人物，哈利波特照转绘本教程,2020-03-31 08:36:33,"['哈利波特', '绘画', '生活', '绘画', '学习', '小白', '绘画过程', '绘本', '绘画教程', '画画']",简简单单的小插画~希望大家喜欢呀,"['没有人比我更懂绘画！什么叫绘画大触！', '【人工智能写书】哈利·波特与一幅看着像画了一大坨灰的肖像 | Crowne Prince', '【试着画画】| 生贺 | 哈利波特', '找到大二画的绘本', '【哈利波特全彩绘本】内页展示及各版本尺寸对比', '旅行手帐/爱丁堡/用一只黑笔就能画手帐？/哈利波特的活点地图在爱丁堡？', '【板绘】耗时12小时，我画了哈利波特全员', '【指绘】【哈利波特】(用手机画一个斯内普教授)', '冠状病毒立体绘本教程', '【商业插画】教你画超可爱绘本小场景（下）还在焦虑绘本插画怎么构思吗？这里有最全教程', '【HP】用《恋与制作人》打开哈利波特，那么哈利会选择谁呢【罗/德/斯/伏×哈】', '《五官》', '【商业插画】我都可以自己出绘本赚钱躺尸了！你还在摸鱼嘛？？', '8月购书分享：哈利波特电影魔法书和彩色绘本', '全套教程', '桃子老师画的哈利波特会变魔法，不信你看！', 'procreate零基础学画画iPad Pro绘画练习-哈利波特霍格沃茨魔法学院Harry Potter Hogwarts School', '【哈利波特场景画画】纳威的糖纸——不是天选之子的故事', '【Procreate】这次是《哈利波特》！虽然没画波特/ipad绘画', '这才是眼睛的正确打开方式，掌握这起型法，素描想怎么画就怎么画', '【杀戮天使】加亿点细节~']",100000102,153,0,3,5,0,0,8,"['AV100000102', '姐妹我要原声']"
【直播富矿5】新人直播如何做到时间持续性，粉丝高互动，内容不枯燥？日播计划到底有多重要？,2020-03-28 21:02:09,"['野生技术协会', '知识', '野生技术协会', '知识分享官', '直播带货', '直播变现', '互联网', '主播', '自媒体', '直播经验', '经验分享', '自媒体赚钱']","开播以后如何长时间互动，粉丝活跃如何维持
准备了3小时，每次开播都是5分钟下播。
为什么自己不知道该说什么，直播内容空洞尬聊
今天我分享一下自己的经验，希望能帮助到大家
@西村老冯 全网同名","['直播圈子深深的套路！血和泪的教训总结的经验 总归就是想说一件事 做事之前三思而后行 想好最坏的结果和打算', '【直播富矿4】只需3分钟，让你突破直播心理障碍！掌握3语言直播不再害怕！', '【直播大师】淘宝直播如何使用第三方美颜软件', '【直播富矿6】新人直播变现要注意这3点，3分钟让你形成直播生意线！', '10年前错过电商，2年前错过直播，下个风口是什么？', '【直播富矿】为什么新人直播从入门到放弃？直播首先要突破自己的心理障碍！', '大学生兼职之“直播”经验分享、 周流水90w主播最后怎么样啦？直播也是一个兼职的好选择哦', '你的活跃粉丝没带给你点击率？因为他们不是真正的活跃粉丝，真的活跃粉丝在......', '如何在家中长时间专注学习｜高度集中｜提升学习效率｜纯干货', '直播赚钱吗？你是不是也想做直播，直播到底播什么？', '不会直播怎么带货？视频剪辑带货总利润9万多，掌握这7步即可', '【MCN主播学院】第七集：手把手带您设计一场精彩的直播（下）', '【直播富矿】2020逆风翻盘！普通人做直播真的能养家糊口吗？', '怎样做主播？如何直播能红？做主播要注意的事！给新人主播的建议，主播圈子有多乱！【 落花音频出品】', '彭酱酱直播回答问题（干货满满，如何专注学习等）', '掌握这4个方法，轻松做好2020年农产品直播带货', '咸鱼翻身 年赚百万？西瓜视频直播带货 卖货 经验分享交流互动', '【MCN二三事】自媒体博主签约MCN时，一定要注意的坑', '读懂这本旷世奇书，彻底摆脱智商税！~查理芒格之书【所长】', '抖音直播规则与技巧解析(my)']",100000118,183,1,1,5,2,1,5,['av100000118']
国版恋与暖暖【恋爱吧！偶像】大清早我的偶像男友竟然！！！【向全世界安利我老公】,2020-03-28 18:44:04,"['声优', '游戏', '手机游戏', '手机游戏', '阳光UP主', '乙女游戏', '少女心', '偶像', '恋爱', '恋爱日常', '言季', '恋爱吧！偶像']","言季探班剧情精彩部分
太~苏~辽~
小声bb：新人up主求点赞关注~谢谢大家支持！~不定时更新与四个男人的日常！
BGM：ヒトリゴト- ClariS","['神仙打架来了！李诚儒：配音演员真不容易', '【恋与暖暖】《恋与制作人》女主沉迷《奇迹暖暖》白起/李泽言的反应竟然是...', '星缘恋爱吧偶像—迟郁——星海与你', '【MakeS】关于早安我的少年如何转到日服的教程', '国版恋与制作人【恋爱吧！偶像】悄悄给男朋友一个惊喜【迟郁ssr小别离】', '国版恋与暖暖【恋爱吧！偶像】男朋友喝醉了竟然该死的甜美！想恋爱了！', '【星缘 恋爱吧偶像】言季--醉酒 全剧情', '【恋与制作人】愚人节 整蛊行动', '『失忆偶像出道中』什么，我居然被4个野男人吸引了！', '【星缘：恋爱吧偶像】言季-午夜航班', '星缘:恋爱吧偶像 言季sr蓄意告白全剧情', '一开始以为是恐怖视频，没想到啊，哈哈哈', '乙女恋爱手游《恋爱吧！偶像》七夕甜蜜PV！官网预约开放', '【星缘：恋爱吧偶像】言季午夜航班电话-故事最初', '去吧，勇士', '【星缘：恋爱吧偶像】言季-电话-他的音乐梦', '【星缘:恋爱吧偶像】言季·小打小闹', '【星缘：恋爱吧偶像★迟郁卡牌合集】恋爱剧情＋电话＋短信＋语音全收录【持续更新中】', '国版恋与暖暖【恋爱吧！偶像】我家狮子座偶像也太自恋了吧！！！【向全世界安利我老公】', '星缘恋爱吧偶像ssr言季-意外来客卡面全剧情', '【声真似】花子君陪你学习如何呀~']",100000119,139,0,4,2,2,0,3,['av100000119[热词系列_知识增加]']
听吧！银河群星炸裂的声音！实战！双子加隆搭配雅典娜，后期单挑无敌的存在！,2020-03-28 19:34:16,"['游戏', '手机游戏', '手机游戏', '加隆', '雅典娜', '体验服', '圣斗士星矢手游', '腾讯圣斗士']",这把惯例还是配合演出的！,"['【搬运/Saint Seiya】双子座圣衣的诅咒', '【圣斗士星矢】双子·再会', '最强雅典娜青篱视觉盛宴', '【圣斗士MMD】双子座『锁之少女』【剧情向】', '最强冥斗士艾亚哥斯出场动画！加隆被一招打趴。', '体验服释静摩再度加强！天舞宝轮测试可破双子加隆隐身！', '圣地里面的二爷，感受双子加隆的怒火吧！', '美工全方位优化！双子加隆2版强度爆表！全属性一览，附实战视频', '圣斗士星矢 双子加隆的救赎 圣地测评 真的很强！！！！！！', '双子加隆技能和实战演示', '撒   隆  の  日  常', '双子加隆无脑轰吧', '双子座加隆银河实战！自带多次银河星爆！', '这个加隆吓死我了，还是蝴蝶牛', '这可能是开服至今最憋屈的双子加隆了(╥╯﹏╰╥)ง', '【巅峰竞技】双子座·加隆直播讲解视频回放', '出了个这么恶心变态的双子加隆 ，怎么打都不死，是逼我们出坑了吗？', '圣斗士星矢冥王篇黄金十二宫双子座CUT剪辑', '你水蛇我也水蛇，你加隆我也加隆，看看谁更骚', '真男人二爷，银河星爆一挑四丝毫不惧']",100000120,8146,12,85,8,12,47,100,"['确认过眼神，是我抽不到的卡', '我觉得强度还算可以，还行。速度和被动免死一次到机制已经很大程度上提高了整卡的力度，如果在加爆发的话和前期的话，耗费在减个一点，那就有点变态了。\n如果这样加强，被动加法穿，一级3%，二级6%，……五级15%（分身可触发，持续一个行动回合），这样应该就够了[doge]。甚至可以说是个强化版单体小撒加。', '你觉得鸟怪怎么样，a卡中品质怎么样', '看完只觉得，觉醒双鱼果然好强。[doge]', '教皇一发懵逼拳打双子加隆身上会咋样[滑稽][doge]']"
VLOG.001  京东7FRESH囤货记,2020-03-28 18:58:38,"['汽车', '生活', '运动', '宅家进化论', 'VLOG']",疫情期间要老老实实待在家里！但是也要记得照顾自己，按时吃饭。今天我们去超市采购一些日常用品，顺便把我的小车车加满油！,"['中奖一台400W的法拉利是种什么体验？', '雄安现在到底啥样了（高清版）', 'VLOG No.17☞疫情之下北京初春的特别记录(去牛街＆7 fresh超市＆意外买到口罩！)', '双十一必囤', '【618 | 开箱】618日常囤货！淘宝活页环 | 京东茶饮 | 阿里巴巴桌布', '感谢老铁送来的。。。', '京东7fresh火龙果测评', '【金渐层小金】妈 真是猫不让我学...', '面包表示压力很大', '六年的辛苦付出，换来一句不爱了，男生哭得像个孩子', '吃7fresh整只鸡和冬阴功泡面和小老板烤紫菜对话减肥中的meimei', '【李小行】WEEKLY VLOG #04双十一第一波开箱试色|7fresh生鲜超市逛起来|便当吃播|减肥flag', '隔离Vlog Day 1｜躺尸｜囤货｜日常｜奥克兰｜三月', '【男生禁入】男孩子的快乐到底有多简单', '情侣周末日常#萨利亚#拉面说#7 fresh', '在机场洗澡？｜仁川机场贵宾室如何渡过五小时？｜LING', '【极致卡点/抖音帅哥大合集】不心动挑战——“滴，挑战失败。”', '京东7fresh生鲜超市现做水产', 'qiangqiangqiang～7Fresh初体验', '帝国理工校友-玛氏分享', '【一月空瓶分享】实用帖 JAN. Empty Bottles | 大潇']",100000129,74,0,0,1,0,0,0
【谷嘉诚&伍嘉成】【last dance】,2020-03-28 18:53:07,"['谷嘉诚', '伍嘉成', '娱乐', '明星', '明星', 'last dance']",上头了～,"['重生之将门毒后', '【嘉成兄弟】【谷嘉诚x伍嘉成】160206 庆功宴砰砰糖集', '【潮音战纪】沙雕预警！跟着伍嘉成一起“哈哈哈哈哈哈哈”', '【嘉成兄弟】舞鞋', '【猛 男 必 看】每日一遍 智商再见 他们来了！他们带着自己是猪猪的证据来了！', '【宋继扬】宋继扬跳舞完整版|近景、少学官方超清cut、大屏幕、舞台侧面高清||陈情令泰国见面会', '土到极致就是潮？当今男团的迷惑行为之土味歌单……', '【战伍渣】肖战|伍嘉成|他是我很好很好的朋友', '【R1SE】团魂炸裂时刻 团魂在 团就在！！！', '【Real】2017以己之名X玖少年团上海演唱会【伍嘉成|谷嘉诚|赵磊|郭子凡|焉栩嘉】', '伍嘉成之gs系列清唱纯享', '【肖战X彭楚粤】【碧欢】【沙雕向】 标准偶像剧', '【伍嘉成】《吻我吧》Live合并字幕版 0402上海演唱会', '长路漫漫伴我闯(谷嘉诚&伍嘉成)', '光凡-从此我越来越像你 cp向', '伍嘉成高光瞬间，一位颜值与实力并存的帅气男孩！', '【肖战/彭楚粤】做为老粉的我！竟然没看过这一part     欢欢也是用心良苦啊你战几乎没被吓到啊', '【嘉成兄弟】全程高能向 长大后我就成了你 （郭子凡 谷嘉诚 伍嘉成）', '【x玖少年团】想坑彭楚粤的肖战和伍嘉成却掉进自己挖的坑里', '【谷嘉诚】《last dance》所以暂时将你眼睛闭了起来 cr. @盐甜甜盐']",100000135,121,0,0,1,0,0,3
mfb人气第一   马老六的夸奖和承诺！！！,2020-03-28 20:39:58,"['生活', '日常', 'mfb']","虎牙直播
我一直觉得gr和mfb是最好的闺蜜队   不管投票怎么样   我觉得大家都是为了喜欢的战队肝  存在质疑  就回应质疑   不争吵  不为了黑而去黑    不希望因为那些挑拨离间的人来使得两方队伍产生什么   两支老牌队伍啦   咱们都和和气气的 ！gr mfb都是最棒的   倘若mfb深渊三以后真的说再见了  那真的还有很多很多mfb的粉丝来年只会投票给gr   这两支队伍都值得   咱别吵哦！","['《日李大坝》-马老六の饭制应援曲', '（已换源）『马老六饭制同人曲』处 处 马', '【MFB】献给最好的MFB', '“六哥永远都在这儿”', 'xgg对战mfbBO3下半场马老六视角', '【mFb手书】达拉崩吧', '第五男子相声天团mfb', '【MFB6.0-深渊3首战翻盘】与你结队为友，深感荣幸', '【后宫·马嬛传】/震惊！当年马老六出演甄嬛传的秘密片段曝光！', '【Gr战队】【Mfb战队】GFBのN种打开方式', '【斗鱼马老六】节 奏 大 师（？）', '论如何获得 苟 皇 称 号 ?', '【马老六与YY的故事】', '[六宝] 国内首个内置马老六语音包的人工智能', '【mFb深渊III混剪】We Are The Youth || 我们正值青春，我们永远年少', '【戏精配音“演员”马老六玩《小镇惊魂》】六哥小镇惊魂灵魂配音秀～', '【mfb】就没有我mfb接不了的电话', '【第五人格/mfb】3.14深渊的呼唤3首赛剪辑', '马老六和爱丽在塔科夫的爱情故事', '【第五人格】【MFB战队】迷弟抱抱熊和最宠孩子的马老六']",100000150,2678,5,18,49,8,4,125,"['就这么愉快地决定了，QQ子正装，铁妹童装，其他人女装[doge]', '问题来了，有没有姐妹们告诉我一下咱战队为啥突然第一了，我投票的时候gr还是挺领先的', '大家都辛苦了小拇指抽搐了没有哈哈[奸笑]', '大家都在努力啊', '牛皮av100000150是这个视频']"
卢卡斯日常,2020-03-29 12:05:57,"['喵星人', '萌宠', '生活', '动物圈', '猫咪', '卖萌', '猫', '铲屎官', '萌宠vlog']",-,"['真正的爱情的样子', '是不是要笑死我', '当你无所事事，虚度光阴时', '猫: 你又闯祸啦？', '周淑怡在B站看自己和药水哥《一路向北》，惊呼woc，这就是原片吧！', '这是我见过摔得最实诚的猫', '警方看了我的视频之后，决定要处理这个人渣了。', '【医生骗病人老伴手机坏了】不忘却，不辜负，就是我们对爱人最好的回报', '当 代 大 学 生', '朋友今天约了我，今天酒吧开始了!', '就凭这张嘴感觉他不应该单身', '沙雕图集（2）', '姥姥家的猫咪，全网最可爱小土猫！', '如何有尊严的认怂', '在？看看牙！', '卢卡斯日常', '在太空站拧湿毛巾会发生什么？', '休想占我一点便宜', '别看了 他现在玩轮椅很6', '狗：跟宁秀个绝活']",100000151,128,1,2,2,0,0,3,"['虽然长得好凶丶但是叫声依旧很萌[2233娘_耶]', '感觉它表情好凶啊[囧]']"
超远距离射门,2020-03-28 18:35:09,"['游戏', '网络游戏', '网络游戏']",-,"['fifa', 'FIFA0616', '【糖豆人】无法届到的终点~A酱的一生之敌', '坦克世界圣诞节官方强行修改内容，不要再被当猴耍了', 'fifa进球集锦', 'csol全服80%玩家都没见过的枪，用过的人更是少之又少！', '俯瞰宇宙不过如此！魔兽世界中十大绝美风景！绝了！', '老外：这个中国飞行员就是个疯子！导弹打光了竟用飞机来撞我们？！', '低级失误门将', '这五枪 直播间鸦雀无声', '玩了半年的一喷一狙', 'fifa射门集锦', 'fifa足球集锦', '【穿越火线】清朝老兵开枪速度比普通人快点不过分吧？', '【绝地求生】新地图褐湾简介 —— “智械危机”12月16日 上线正式服', 'FIFA集锦', '《糖豆人：终极淘汰赛》TGA预告曝光，来体验第三赛季冰天雪地的糖豆人世界！', '洗深渊柱子胸部装扮，坑', '精彩射门集锦', '无限挖矿活动指南，还有过滤器，流放之路3.12']",100000156,20,0,0,1,0,0,1
艺术行业入门指南4||艺术类找资料的数据库你都知道吗？,2020-03-28 21:32:33,"['公开课', '知识', '野生技术协会', '视频教程', '美术史', '艺术史', '艺术教育', '拍卖行', '艺术入门', '艺术行业', '艺术管理', '艺术市场']",本期介绍了几个重要的艺术类网站和数据库 ：IFAR（免费）和Benezit：用于搜索艺术家相关资料（学术方面）。Worldcat（免费）：用于搜索全球书籍、图录馆藏。Artnet：用于搜索拍卖历史。AskArt：了解艺术家市场价格变化趋势。Artprice：有全球艺术价格和市场大数据（年度报告免费）。个顶个的好用。懒得写文字了，使用方法见视频。欢迎到“Jura小雯”公众号了解免费数据库，还可以到同名微博去碎碎念。,"['ACG经典里看懂敦煌、浮世绘、古希腊艺术', '艺术行业入门指南#2||从行业术语了解艺术世界', '儿童美术教师入门课', '画廊？艺术经纪人？拍卖公司？聊聊我的职业 工科院校学生“误入歧途”在艺术圈九曲十八弯曾因为失误险些葬送职业道路？？', '艺术行业入门指南#1|| 机构概览：艺术品是怎样买卖的？艺术品的价格谁说了算？', '艺术行业入门指南#3||了解拍卖行业最重要的一本书是什么？', '【北京大学公开课】艺术史', '【文艺书单】关于艺术|我们应该读点什么', '毕业回忆录|艺术行业入行6年|学姐经验分享', '【别人家的专业】第六期-数字媒体艺术：工作多、工资高最近热门的新兴专业数媒真的如此吗？', '策展人刘刚和冯兮吐槽艺术行业', '选专业求职必看，ai时代这些凉凉的行业就别去了【所长.深度】', '【绘画】艺术类书籍读书分享！抽象绘画意象绘画爱好者入门读书推荐！美术、油画书籍分享/孙烂漫', '【Sue】7本私藏艺术类书籍推荐 | 艺术漫谈 | 结尾福利', '【孙乃树】西方美术欣赏（全60讲）', '插画创作过程小技巧分享丨样机和素材链接丨超全素材网站推荐丨艺术类书籍丨PS样机', '艺术博主手把手教你开始艺术收藏', '【干货】艺术家是怎么赚钱的？分享我在这个行业的经历', '【张雪峰】艺术类考研-择校全攻略', '清华大学公开课：艺术学原理与美术鉴赏（37P全）', '艺术圈的那些人都怎么恰饭【奇怪的知识又增加了】']",100000166,886,3,6,88,45,8,59,"['全是干货 谢谢小姐姐～', '求问小姐姐world cat需要连外网吗，为什么我找不到这个网站呢？或许能求一个链接吗~~~', '催更', '一人血书跪求小姐姐入一个收音好的麦', '宝藏up主，感谢学姐']"
【来自星星的事20200326之逃跑吧好兄弟】欢迎加入系列分享群，群聊号码：583313884,2020-03-28 20:51:38,"['综艺', '娱乐', '综艺', '灵异', '娱乐', '恐怖', '台湾综艺', '惊悚', '来自星星的事之逃跑吧好兄弟']","优酷播主同意转载
来自星星的事20200326之逃跑吧好兄弟【尸落的矿坑】

本群资源可在群内“文件”中找到！百度网盘在线观看、下载地址链接如下
：https://pan.baidu.com/s/1X0uwFFLJsAcH9bPxCj9s4Q
提取码:xyns 
【尸落的矿坑】这一次来到寂静深山裡的死城探险，E珍二傻能否顺利通关呢？无头矿工疑似在宿舍飘盪，难道是想要找替身？二傻竟然在坑道内挑战矿坑禁忌？！结果真的出事了？【爱哟!讲什么鬼】张爱雅和杰士。来讲鬼故事啦～～全新单元，让你视觉与听觉双重享受！敬请","['星星的事 20200313', '《宜昌鬼事之诡道系列》有声小说', '2019.11.08 逃跑吧好兄弟 - 死亡波动宿舍【台湾节目】', '來自星星的事 20181113【完整版】1080P', '来自星星的事2018/12/14之逃跑吧～好兄弟【鬼婆冥舍】', '【老杨诡谈】真实恐怖经历系列-医院诡谈，真实鬼故事，灵异事件!', '来自星星的事20200920之逃跑吧好兄弟【闹鬼葬仪社(上)、(下)】欢迎加入系列分享群，群聊号码：583313884', '【逃跑吧好兄弟】極陰刑案凶宅', '来自星星的事逃跑吧好兄弟【黑山姥鬼宅】欢迎加入系列分享群，群聊号码：583313884', '【综艺】逃跑吧好兄弟【電視禁播版】', '星星的事 20200214', '来自星星的是之逃跑吧好兄弟2020', '国企员工酒店遇鬼人生第一次真实经历', '“我还是从前那个少年没有一丝丝改变”', '【逃跑吧好兄弟】海港棄村', '20190726之逃跑吧好兄弟【荒宅】', '来自星星的事20200906之逃跑吧好兄弟【噩梦三鬼屋(上)、(下)】欢迎加入系列分享群，群聊号码：583313884', '来自星星的事之逃跑吧好兄弟（荒山妖灵别庄）2019年3月15日', '【来自星星的事】20191002之《不听话！就是拿自己的开玩笑》欢迎加入系列分享群，群聊号码：583313884', '【台综回顾】来自星星的事2014（已完结）']",100000168,3026,51,11,13,20,6,78,"['投币投币，每周都投。', '真的不应该安排点火柴这个环节。。。。。正常安全生产中的煤矿附近都不可以有明火，而且废弃矿坑里会有腐烂的动植物产生的沼气和二氧化碳，抛开灵异禁忌不谈这样做也太危险了', '好久不见张艾亚了，啊啊啊啊', '这一次真的很猛诶，起鸡皮疙瘩', '这个竹子移动  让我鸡皮疙瘩起来 了']"
建议改成：欧 皇,2020-03-28 18:54:31,"['游戏', '单机游戏', '抽卡']",-,"['震惊，锤子妈竟然如此强势…', '这是排位！', '建议改成：标 准 结 局', '强势孙尚香，豪取五杀', '【原神】2分钟告诉你！满命钟离要多少抽？', '典 明 表 扬', '《原神》B服抽奖概率真的比官服强？3600原石，能歪出公子？？', '来了！氪晴，是你吗！！！', '练英雄的曜竟然细节五杀？！', '非酋UP抽10连，结果。。。', '班里的同学模仿蔡徐坤']",100000172,14,0,3,3,4,0,4,"['第一个什么游戏', 'av100000172[小电视_吃惊]']"
【BV时代考古】带你看看那些神级av号（av靓号）,2020-03-28 20:33:33,"['知识', '野生技术协会', '涨姿势', '考古', '经验分享', 'av号', '靓号', 'BV号']","【BV时代考古】带你看看那些av靓号
这两天看到考古那些av靓号的人变多了，于是我决定做个视频总结一下，希望大家喜欢。
喜欢搜av靓号的朋友们可以过来了（手动滑稽）","['【Bv时代】五十年后，爷爷讲起av号的消失，泪目……', '【揭秘】av号转bv号的过程', '再见，av号！  你好，BV号！', 'av号变BV号？莫慌，它帮你BV转av！！！', '“迷你世界官方账号”被封，今天是个好日子啊！', '【BV时代考古】「B站最全」带你考古11年前AV时代的B站：AV51-AV100（爷的青春回来啦）', '如何用A4纸入狱', '让你颠覆三观的雷品｜屎味的胸？还变色！压岁钱全部赔光了！', '【川普】Creeper?', 'B站首个全数字BV号视频？', 'B站AV不够用了吗？简单说明BV号的好处！', '【蹭凉度】“227事件”已经过去一个月，来看看一个路人的发言。', 'BV号来了！等不到AV100000000了，我的青春......', '按道理来说，av100000000会有的', '[消失的av1亿]悼念！B站从此再无av！', '【MikuFans 时期站内视频考古】第17期 / av521 ~ av540', '【初音ミク】「激萌!」初音miku-灰姑娘的浪漫', '美国人最喜欢的五个中文歌', '什么情况？怎么变BV了？', '猫叔说事：靓号携号转网考验运营商诚意']",100000174,163,1,7,5,8,1,15,"['av100000174', 'up视频是9位数的av号啦', 'av100000000', 'BV1Hp4y1y7y7', 'av582597120']"
晒日头,2020-03-28 19:54:14,"['延时摄影', '生活', '日常']",-,"['玲爷的视频到底有多难拍', '英国所有淡水鱼集锦', 'av号变BV号？莫慌，它帮你BV转av！！！', '蓝莓开始结果了，一串串的，挺好看的。', '如果你吃了含放射性物质的食物会怎样？【LifeNoggin】', '【梗百科147】Q宝？肖战糊了？地日旅行？不是鱼露是鲈鱼哦！！！！！？', 'Daily Vlog #5 一起去大草原上吹泡泡｜晒太阳', '【南雄银杏】银杏今天黄了吗']",100000183,23,0,6,0,2,1,2,"['av100000183[tv_doge]', '就是你以前放窗户上拍日落 现在放树上？', '为什么没拍到罗汉啊？', '举报了', '别人都说你把耳机放窗户外面，刚开始我还不相信，现在看到你把手机也放外面，我有点怀疑了']"
Daily Vlog #5 一起去大草原上吹泡泡｜晒太阳,2020-03-28 19:07:58,"['生活', '日常', 'VLOG', '生活', '记录']",久违的出门晒太阳，超开心！,"['七年回忆vlog', '互相伤害', '小智终于有了第一把蝴蝶', '［胡晓慧］❤“去年今日”', '我 们 订 婚 啦 ！！骚话满满的读评论视频', '谷歌2020年度总结： 世界很糟糕，我们仍将继续向前', '89岁大爷挥手无数次，可没有一辆车停下，连声说太累了', '终于研究生毕业啦！我的个人音乐会vlog震撼来袭！快来康呀~', '一次不太正式的求婚 哭成两个泪人', '叛最狂的逆，逃最快的命', '以前的父母vs现在的年轻人当了父母', '录着录着头发就掉光了，伟大的母爱', '未成年慎入！蹦迪老玩家的保姆级指南！不看后悔，建议收藏！', '“黄脸婆”的她曾经也是一个想要人疼爱的美少女', '谭谈交通最感人的一期', '【记录生活】纪念人生第一次出省旅游！嗷呜！西安大发！！！！我爱西安！', '忽然一下就3岁了，谢谢大家这一年的喜爱！', '「茶颜悦色」别说了薅吧｜某鸡仔薅完就要远航啦', 'Daily Vlog#4 独自去杭州放空两天｜', '乙未爷爷的日常-大家喜欢玩魔方吗？']",100000184,36,0,2,1,2,0,7,"['av100000184[tv_doge]', '好看 美女子[惊喜]']"
沙雕图与表情包第四期,2020-03-28 18:53:53,"['万恶之源', '搞笑', '生活', '搞笑', '全程高能', '搞笑视频', '自制', '趣图', '全能打卡挑战']",-,"['收手吧俊鸿，外面全是裁判。', '【有点沙雕】我把手机里的表情包串成了一首歌', '【表情包发展史01】为什么中国网友最熟悉的表情是一只沙雕熊猫？', '(｀・ω・´) 最近网上很火的沙雕图片（第26期）', '千万不要跟声优斗表情包，否则你将毫无胜算', '那些笑到肚子痛的沙雕图(￣▼￣)第15期', '你能坚持不笑吗？令人爆笑沙雕图合集第25期', '【极其弱智的营销号】国内史上最弱智的沙雕营销号！', '奇怪的沙雕图增加了！承包你今日的笑点第六期', '试图在群里Creeper？会发生什么？', '盘点网络上那些搞笑的沙雕图(｀・ω・´)第80期', '你能坚持不笑吗？令人爆笑沙雕图合集第29期', '给你一只这样的手你会干什么๑乛◡乛๑网络上那些爆笑的沙雕图(｀・ω・´)|第289期', '你能坚持不笑吗？令人爆笑沙雕图合集第31期', '【洗脑循环】。假面骑士音效曲。（翻）', '沙雕图集（2）', '【每天一遍\\走出抑郁】魔性舞蹈，停不下来，今天你治愈了吗？', '那些笑到肚子痛的沙雕图(￣▼￣)第16期', '【沙雕动画】当代年轻人睡前现状', '这 TM 才 是 渣 男 ！', '何止有毒，简直生草！']",100000191,19480,95,117,119,41,36,959,"['封面……我是不是没救了[笑哭]', '这个封面出大问题', '难道不是在洗手吗[doge]', '想污了的和我一起去面壁[笑哭]', 'ghs？带走带走[阴险]']"
中转站 难度8,2020-03-28 10:52:57,"['危机合约', '明日方舟', '游戏', '手机游戏', '手机游戏', '明日方舟·荒废遗迹赛区']","银灰思路
反机动需求先锋练度
双t要求上面是奶盾，这里用了塞雷娅2技能来给银灰充电
双法术输出，质量高的放上面
煌用来堵门，没有的话月见夜也是极好的（狗头）
ps：换了电脑录试试","['中 门 对 拳', '喧 闹 法 则', '【燃灰行动】全网首杀！法蒸强杀33！', '刻刀的238次红移——哨兵组长，你永远也到达不了我出刀的真实', '片 毒 不 沾 身', '鼠王：好家伙，刚出门就有这么多年轻人来.....欢迎我？', '【危机合约#3】全网首杀 7人33级 燃灰终战 风蚀魔术师', '【忍宗M8-6】全员无伤，包括闪盾！没有人受伤的世界达成了！', '【全网首发/孤岛最高杰作#2】一  格  弑  塔   四面迎百骑，一格破千军！', '【燃灰行动】带夜刀玩的4人18', '【明日方舟】您要来一只萨卡兹恶咒者吗？', '6月6日特种大院禁止入内', '【术士队】10术师风蚀高地19，群法竟成费用存储器', '【明日方舟】整合运动篇有哪些重要剧情伏笔？「上」', '【燃灰行动】自闭危机19突破，我得想办法把我76费的温蒂放下去', '危  机  合  约  现  状', '好 斗 利 刃', '一 秒 弑 鼠 王', '狗的红票记录', '震撼RUA牛一整年 满级27级合约仅需7人']",100000198,29,0,1,0,0,0,1,['av100000198']
关于蒙发声_20170803_超清,2020-03-28 19:00:41,"['生活', '日常', '生活']",其他录制组,"['2018-04-26 08_56_48.120_超清', '2018-04-14 22_40_32.498_标清', '七_2020-04-03-2320_04-03-2355_我们的歌', '_2020-03-18-2030_03-18-2203_早睡早起身体好', '2020-08-11-2102_08-11-2316', '回首扎了_2017-08-31_标清', '_2020-04-03-2204_04-03-2358_', '2018-04-16 17_42_27.007_超清', 'ta_2020-04-06-2019_04-06-2026_来了', '2.5日常，陪我_高清', '2020-08-11-2106_08-11-2132_', '9.29完整版_超清_20200322194032', 'KTV-2017.4.1_超清_', '20180603_散步吹牛批_超清', '高能聊天就要全程高能P1_高清', '201808151707457266_高清', '2020-04-13-2136_04-14-003', '201808042034519065_高清', '我2018_07_23_超清', '2018-06-04 23_20_05.731_标清']",100000199,25,0,0,0,0,0,0
"王牌回到90年代,猜题环节柳岩开挂,竟然全部都猜对了,心疼截胡的贾乃亮，太不容易了！",2020-03-28 19:24:29,"['王牌对王牌', '综艺', '搞笑', '娱乐', '综艺', '贾乃亮', '柳岩']",-,"['我们的节目有多年轻？上下五千年！', '【王牌】这段全程高能，能被花花和晓彤笑死，晓彤一定被花花传染了', '【王牌】那些年沈叔叔淋雨游戏作弊合集', '【王牌9期】华晨宇大学校园初恋对象首曝光  花花恋情让人心疼', '王牌：听了柳岩的诉说后，突然感觉这华丽的娱乐圈背后好残酷', '【蔡徐坤】听说我们坤哥对90年代舞步迷之执着？！(真的不是黑系列)', '【华晨宇】“花哪吒”“无脸腾”小卖店历险记', '郭德纲评价柳岩-她真是这样的人，她干得出来，她可愣了！', '《王牌对王牌5》沈腾、关晓彤嗑瓜子猜题连续截胡三次，时光旅行队“心态崩了”', '【王牌对王牌】柳岩|父母活着的时候要对他们好点，聊起爸爸不禁泪目', '王牌拍了五季，腾哥终于迎来知音，竟能跟上腾哥脑回路！', '【王牌对王牌5】郑爽跳广场舞，王牌运动会郑爽特辑', '《王牌对王牌》 发出90年代的声音 脑洞太大', '【王牌】带“白色”的歌，该你抢答了！', '柳岩被feng杀的背后，让人细思极恐，未成年慎入！', '【王牌游戏】王牌对王牌:沈腾躺着不动被贾玲撞飞', '关晓彤圈粉瞬间', '【综艺向】王牌家族的夸夸群终于建起来了，谁说腾哥不想要被夸夸呢', '王牌5：这可能是王牌最搞笑的一段，全程捧腹大笑~', '贾玲-头号危险人物-万千黑煤球最羡慕的女人', '[#柳岩爸爸的西装#《王牌对王牌']",100000201,5469,0,3,2,2,2,38,"['av100000201', '感觉贾乃亮有点傻厄', '这年头不管什么视频都投自制']"
大宝,2020-03-28 18:49:46,"['娱乐', '明星', '明星', '快剪辑']",-,"['白衣少年', '白衣少年', '心头好', '谦谦君子', '陌上人如玉，公子世无双', '天下无双', '大宝小宝', '大宝小宝', '大宝小宝', '大宝', '大宝小宝', '归来仍是少年', '大宝小宝', '大宝小宝', '大宝和小宝', '大宝小宝', '忘羡', '大宝小宝', '小宝', '陈情令纪念那个美好的夏天']",100000209,34,0,4,1,0,0,4,"['av100000209', '哦。《琵琶行》[喜欢][喜欢]', '我肖哥最帅']"
【3d环绕】雨,2020-03-28 16:39:14,"['电音', '音乐', '音乐综合', '高音质', '循环', '3D环绕', '耳机', '听歌向', '雨声', 'BGM', '纯音乐', '音乐选集']","曲名《Legacy》
插画ID：77329036
视频中为UP改编版本 并非原曲
可视化效果由软件制作
喜欢UP主视频的小伙伴可以充电支持一下！","['戴上耳机！16D版Believer-Imagine Dragons', '曾火遍全网的《溯》，你是否还知道？', '【3D环绕】unravel清唱版重发，自备纸巾', '世界公认的最佳催眠神曲，全长8分钟，传说从来没有人躺在床上能清醒的听完全曲，分享给入睡困难的朋友们。', '【崩坏3】戴上耳机！高燃预警！感受女武神带来的听觉盛宴！', '【戴上耳机】这世界都是你的', '3D环绕♪极致纯音《雨道》 来来往往的人和事，都与我有关', '【3D环绕】【耳机福利/合集/155分钟】谁能听完(｀・ω・´)？', '戴上耳机 迎接拔剑神曲给予你的命运审判吧！——βios3D环绕', '戴上耳机！享受极致电音带来的视觉盛宴！', '【3d环绕】一首好听的纯音乐《Blue》', '戴上耳机，一秒让你沉沦！世界只属于你一人！', '曾火遍全网的《You》，你是否还知道？', '【3d环绕】一首好听的纯音乐《Coda》', '《Monody》3D环绕重制', '【3d环绕】一首好听的电音《Happy》', '“ᴰᵒ ʸᵒᵘ ᴸⁱᵏᵉ ᴿᵃⁱⁿ”  “ᴵ ᴾʳᵉᶠᵉʳ ʸᵒᵘ”', '【3D环绕眩晕】挑战你的极限', '【IU李知恩×李现 | 张满月×韩商言】Play With Fire | 病娇 | 踩点 | 剧情 | 偏执 | 色气', '【助眠向】纽约曼哈顿市中心 - 2小时雨中漫步 3D环绕雨声原始音轨 白噪音助眠']",100000213,898,1,30,57,65,5,153,"['感觉有个东西在脑子里跑过来跑过去hhh', '提醒一下路人\n这个视频将会浪费你三分钟，你嗨不起来[doge]\n建议点up头像→投稿→视频→连续播放[doge]这样我们就能一起浪费时间了', '风带走了你的气息，可没带走关于你的回忆。没办法送你最后一程，就让那风送走你，泥土带走你，没办法挽留你，对于你的离去我无能无力。只好瘫坐在地上，听着所有人的哭泣，昏厥在雨里，任由雨滴落在我脸上，早已分不清是泪还是雨。哀乐响起，想起，你的香气。\n你已经离去了，有三年多了吧。\n我也差不多该遗忘些东西，\n重新启程了。', '[tv_困]', '上完网课，闭眼享受一下']"
【玩具先生】小白姐姐带你玩粘土皮卡丘拍立得,2020-03-28 18:39:16,"['手工', 'DIY', '生活', '手工', '视频教程']",,"['【玩具先生】可爱的角落生物/带帽帽', '【玩具先生】角落生物的蘑菇菇超可爱~', '【玩具先生】饱满大草莓脆球做法', '【玩具先生】粘土多味软心塔，真想咬一口', '【玩具先生】饭团鸡第一名', '【玩具先生】喵喵糖果机', '【玩具先生】这粘土辣条也太馋人了吧', '【橡皮章】谁会不爱5t5呢斯哈斯哈', '【全员恶玉】手工制作 兔兔 鲨鲨小剧场 填补了第八话没有小剧场的空白', '【玩具先生】你们还记得史努比吗', '【玩具先生】超酷水枪，激烈水仗透心凉', '【玩具先生】粘土手工铃兰和蓝色玫瑰搭配好漂亮啊~', '玩具先生仿真粘土/蜜汁烤鸡', '【玩具先生】自制捏爆橙子脆球如何做出来的？看这里', '【天官赐福】哥哥，就叫我三郎吧……全手工还原少年花城，向全世界安利花花', '小白姐姐带你玩科学/模拟海底花园', '【玩具先生】角落生物小蜗蜗', '【玩具先生】小白姐姐带你玩粘土/飞屋环游记', '【墨墨】【超轻粘土】做一只欧若拉', '2岁以上/粘土包包']",100000215,31,0,0,2,2,0,1
盘点帅气拔刀第二期（一部分，boat）,2020-03-28 19:02:53,"['我的世界', '单机游戏', '游戏', '单机游戏', '娱乐', '拔刀剑', 'MC', '单机联机', '拔刀']",第一期传送门:BV1wE411F7Z9,"['【Minecraft】没有人民的军队，就没有人民的一切', 'MC小白都能看懂的超详细拔刀剑教程!1.面板属性介绍', '我的世界:和萌新小姐姐玩比和平还要简单的菜鸟模式！', '这或许是全b站最全的MC新手教程(非游戏内教程)', '【我的世界】最新拔刀剑排行：第一不亚于寰宇支配者！', '这些即强力又帅气的武器你都用过吗？我的世界拔刀档案第一期', '【神楽七奈】逆子，快停下啊', '实 验 视 频', '盘点个人认为最强的拔刀剑', '【教程】在手机用boat运行JAVA版我的世界（包会，绝对详细，还不会来打我！）', '［我的世界拔刀剑mod］你都认识哪些新生代拔刀剑SA?', '买挂吗？少年！坤儿偶遇闪电侠，极限跟枪击杀！不买！！lionkk150m全自动连杀两人，还是那个lionkk！！', '超多拔刀剑01：用木剑和白桦木，合成品质极高的木偶！', '【我的世界】拔刀剑教程~进阶版，教你做出更炫的拔刀【新视频av39470847】向最全的攻略进行中', '我的世界:无尽拔刀剑，攻击力2亿媲美无尽剑！', '我的世界：教你如何用手机运行JAVA版！处理器：你是魔鬼吗？', 'LemonTea Dragon Boat', '2分钟教你学会制作自定义拔刀剑', '［boat］都2020年了你还不会安装boat?！！', '【梦灵】盘点那些最帅的拔刀剑（不全）《我的世界》1.7.10（是boat用的手机）']",100000219,365,0,12,4,1,0,21,"['up主什么手机处理器？[吃瓜]', '第一', '梦灵啊，你可真是...万物皆刃直接开创造拿出来的刀就是刀的样子，没有技能变不了妖刀，你得用命令方块刷或者按照生成方式去刷', '帧数nb', 'ahn全新／特色－多元化－ＲＰＧ，超多／副本，剧情＊连贯，进服－秒升５０ahn６７＠－＊／／ahn']"
大师视界好歌放送：情歌唱给多情人,2020-03-28 19:13:36,"['音乐', '音乐综合', '影视音乐', '美少女', 'MV', '原创', '精选歌单']",大师视界好歌放送：情歌唱给多情人,"['【周震南】-A Wise Man Does not Fall in love- 智者不入爱河', '用这个beat写一首歌吧，送给你想念的人', '帝国进行曲伤情版—纪念大卫·鲍罗斯', '周深纯享音乐合集，四个小时纯享版，无敌惊艳！', '【殷志源】那个是人啊？还是什么......怎么会有人这么好看呢？！', 'Vtuber 歌 力 排 行 榜', '这个EMO伴奏无敌了！恰到好处的人声！', 'Billkin-แปลไม่ออก (无法诠释) 录音室版本', '【芝士说】微博惹怒众多音乐人！王以太又被喷？', '带副歌的狠货，那奇沃夫机关枪专用Beat！', 'ずっと真夜中でいいのに。新曲「勘ぐれい」完整版', '【1984】远足之歌-少年侦察队歌曲(中英字幕)', '【周深】歌手•当打之年合集', '油管一首巨巨巨伤感的beat，听得人心碎。', '好大好大的声音', '【狼殿下】ost歌曲合集，Never/我是谁/对立面/再一天/石头/倒流/天狼星', '【动画MV/完整版/Eve新曲】Jose与虎与鱼们 插入曲「心海」动画MV【中日歌词/MCE汉化组】', '【不定期更新的电台16】山水有相逢', '棋魂电视剧主题曲《我们的冒险》 曹寅完整版，青春励志', '你可曾也有年轻时错过的爱情《可惜没如果》林俊杰 教学视频 王晗老师']",100000224,12,0,0,1,0,0,0
【seventeen】performance （jam jam）,2020-03-28 19:07:06,"['文俊辉', '权顺荣', '徐明浩', 'SEVENTEEN', '娱乐', '明星', '李灿', 'KOREA音乐舞蹈']",⑧的rap我属实是无能为力,"['【SEVENTEEN】【中字重制】高帅日本场 Jam Jam+Swimming Fool 婆队女孩必看', '【SEVENTEEN】婆队被剪掉的超绝舞台|演唱会舞台合集', '【SEVENTEEN】一枪打在我心上的绝美《Flower》舞台', '180809 Seventeen - 20 + JAM JAM + 表情管理+ VERY NICE  SBS Super Concert in Taipei', 'SEVENTEEN - 表情管理中字歌词', '【对比向】表演队vs主唱队，一起来JAM JAM！！', '【中字】【SEVENTEEN】swimming fool 4k电影画质', '【SEVENTEEN】咳咳~ 传说中被剪掉的WHO在这里 画质无能为力了 Performance Team 饭拍也得安排上！WHO的饭拍超绝（小声bb', 'SEVENTEEN - Shhh中字歌词', '终于找到Seventeen performance的MOONWALKER了，大漂亮的颜值真的是服气的！', '【Ode to you】seventeen 表演队 shhh+十三月的舞', 'seventeen演唱会表演队舞台-13月的舞-你是我我是你-WHO-JAMJAM', '【SEVENTEEN】酷圆八的甜度爆表的Hello~', '美哭了！SEVENTEEN 247 绝美舞台最新现场版', '【Seventeen】神仙婆队安利手册|七分钟全方位带你了解表演队', 'SEVENTEEN - 247 婆婆队直拍Showcase舞台 带中字', '【seventeen】performance team「swimming fool」&「jam jam」的舞台（演唱会版本），是活力四射的婆婆队啊～', '【徐明浩THE8】克拉岛撒娇三件套！Wink 撒娇 & dirty dirty jam jam妖精撒娇 & 装漂亮撒娇', ""190830~0901 'Shhh' PERFORMANCE TEAM /SEVENTEEN ODE TO YOU IN SEOUL"", '【SEVENTEEN】【Fast pace】十七的快步集合，红衣超级SEXY！！！']",100000228,1666,4,4,60,0,16,37,"['大俊又穿小裙子', '这个摄影切镜头也太绝了 the8好杀我', '好听鸭']"
和李冰芳厅一起来畅游艺术的海洋吧，来一次世界艺术大环游，快来加入吧,2020-03-28 18:53:53,"['生活', '日常', '加油2020-VLOG挑战', '生活', '生活记录', 'VLOG', '艺术']",-,"['无  缝  衔  接', '音乐演奏【三生三世十里桃花】插曲——繁花，古筝业余版李冰芳厅', '假徒步在网上骗流量的所谓徒步旅行者！', '我找到了史上最爽的拒酒方式！【内向】的人别再对自己下手了', '美少女钢琴版《繁花》', '钢琴演奏简易版《船歌》李冰芳厅', '美少女钢琴版宫崎骏《天空之城》2', '和男友会说话的娃娃成了好友？喜剧《憨憨》预告', '美少女钢琴版《千与千寻》', '钢琴演奏简易版《摇篮曲》李冰芳厅', '惊魂一吓', '钢琴演奏简易版《你笑起来真好看》2', '美少女钢琴版德德玛《美丽的草原我的家》', '钢琴演奏简易版【培尔金特组曲】选段【晨曲】李冰芳厅', '人文科普卢浮宫名画《荷拉斯兄弟之誓》，让我们一起来看看吧，李冰芳厅无字幕', '钢琴演奏【欢乐颂】李冰芳厅', '美少女钢琴版《我和我的祖国》2', '来B站和大家一起玩', '美少女钢琴版《画心》', '美国街景随拍']",100000247,53,0,3,0,0,0,2,['av100000247[热词系列_知识增加]']
2019-10-27童话般的模特李达妍，金思豪_CJ,2020-03-28 20:02:44,"['汽车', '韩国', '生活', '日常', '性感', '诱惑', '生活记录', '女神', '记录', '颜值爆表', '车模', '大长腿', '车展']",youtube,"['性感车模精选26', '2016韩国车展模特刘智慧', '韩国性感车模饭拍0', '[4K]美女欣赏32', '东京海滨防灾公园cosplay', '2019汽车沙龙汽车沙龙赛车模特LeeSongBin', '韩国赛车展，两个妹子灵粹', '2020东京车展GORDON TRIKE', '名古屋车展2020 [日本盐田] 4K NAGOYA AUTO TREND 2020', '_4k_191117  12（朴昭瑜)_ @GSTAR 2019 GRAVITY _ ( 1080 X 1080 ).mp4', '[4K直拍] 韩国车模女神，这是什么神仙颜值啊', '2019-5小船上美丽的模特申智英赛艇秀', '日本cosplay', '赛车模特Jikcam', '2019汽车沙龙汽车沙龙赛车模型Yoo Jiak Cam', '皮裤美女 2018摩托展', '赛车模特朴昭宥2019汽车模特', '2019首尔汽车沙龙周模特KINTEX', '东京___2019 UUU东京汽车沙龙2019-赛博日本舞者@', '韩国车模——崔星河   BGM：我的眼泪为谁飞']",100000248,349,0,1,22,0,0,6,['韩国妹子都像这样的怪物？']
【崩三】德 丽 莎 生 日 视 频,2020-03-28 18:40:07,"['游戏', '手机游戏', '手机游戏', '世界第一可爱', '生日快乐', '德莉莎', '崩坏三']",德丽莎生日快乐！德丽莎生日快乐！德丽莎生日快乐！德丽莎生日快乐！德丽莎生日快乐！德丽莎生日快乐！德丽莎生日快乐！德丽莎生日快乐！德丽莎生日快乐！德丽莎生日快乐！德丽莎生日快乐！德丽莎生日快乐！德丽莎生日快乐！德丽莎生日快乐！德丽莎生日快乐！德丽莎生日快乐！德丽莎生日快乐！德丽莎生日快乐！德丽莎生日快乐！德丽莎生日快乐！德丽莎生日快乐！德丽莎生日快乐！德丽莎生日快乐！德丽莎生日快乐！德丽莎生日快乐！德丽莎生日快乐！德丽莎生日快乐！德丽莎生日快乐！德丽莎生日快乐！德丽莎生日快乐！德丽莎生日快乐！德丽莎生日快乐！德丽莎生日快乐！德丽莎生日快乐！德丽莎生日快乐！德丽莎生日快乐！德丽莎生日快乐！德丽莎生日快乐！德丽莎生日快乐！德丽莎生日快乐！德丽莎生日快乐！德丽莎生日快乐！德丽莎生日快乐！德丽莎生日快乐！德丽莎生日快乐！德丽莎生日快乐！德丽莎生日快乐！德丽莎生日快乐！德丽莎生日快乐！德丽莎生日快乐！德丽莎生日快乐！德丽莎生日快乐！德丽莎生日快乐！德丽莎生日快乐！德丽莎生日快乐！德丽莎生日快乐！德丽莎生日快乐！德丽莎生日快乐！德丽莎生日快乐！德丽莎生日快乐！德丽莎生日快乐！德丽莎生日快乐！德丽莎生日快乐！德丽莎生日快乐！德丽莎生日快乐！德丽莎生日快乐！德丽莎生日快乐！德丽莎生日快乐！德丽莎生日快乐！德丽莎生日快乐！德丽莎生日快乐！德丽莎生日快乐！德丽莎生日快乐！德丽莎生日快乐！德丽莎生日快乐！德丽莎生日快乐！德丽莎生日快乐！德丽莎生日快乐！德丽莎生日快乐！德丽莎生日快乐！德丽莎生日快乐！德丽莎生日快乐！德丽莎生日快乐！德丽莎生日快乐！德丽莎生日快乐！德丽莎生日快乐！德丽莎生日快乐！德丽莎生日快乐！德丽莎生日快乐！德丽莎生日快乐！德丽莎生日快乐！德丽莎生日快乐！德丽莎生日快乐！德丽莎生日快乐！德丽莎生日快乐！德丽莎生日快乐！德丽莎生日快乐！德丽莎生日快乐！德丽莎生日快乐！德丽莎生日快乐！德丽莎生日快乐！德丽莎生日快乐！德丽莎生日快乐！德丽莎生日快乐！德丽莎生日快乐！德丽莎生日快乐！德丽莎生日快乐！德丽莎生日快乐！德丽莎生日快乐！德丽莎生日快乐！德丽莎生日快乐！德丽莎生日快乐！德丽莎生日快乐！德丽莎生日快乐！德丽莎生日快乐！德丽莎生日快乐！德丽莎生日快乐！德丽莎生日快乐！德丽莎生日快乐！德丽莎生日快乐！德丽莎生日快乐！德丽莎生日快乐！德丽莎生日快乐！德丽莎生日快乐！德丽莎生日快乐！德丽莎生日快乐！德丽莎生日快乐！德丽莎生日快乐！德丽莎生日快乐！德丽莎生日快乐！德丽莎生日快乐！德丽莎生日快乐！德丽莎生日快乐！德丽莎生日快乐！德丽莎生日快乐！德丽莎生日快乐！德丽莎生日快乐！德丽莎生日快乐！德丽莎生日快乐！德丽莎生日快乐！德丽莎生日快乐！德丽莎生日快乐！德丽莎生日快乐！德丽莎生日快乐！德丽莎生日快乐！德丽莎生日快乐！德丽莎生日快乐！德丽莎生日快乐！德丽莎生日快乐！德丽莎生日快乐！德丽莎生日快乐！德丽莎生日快乐！德丽莎生日快乐！德丽莎生日快乐！德丽莎生日快乐！德丽莎生日快乐！德丽莎生日快乐！德丽莎生日快乐！德丽莎生日快乐！德丽莎生日快乐！德丽莎生日快乐！德丽莎生日快乐！德丽莎生日快乐！德丽莎生日快乐！德丽莎生日快乐！德丽莎生日快乐！德丽莎生日快乐！德丽莎生日快乐！德丽莎生日快乐！德丽莎生日快乐！德丽莎生日快乐！德丽莎生日快乐！德丽莎生日快乐！德丽莎生日快乐！德丽莎生日快乐！德丽莎生日快乐！德丽莎生日快乐！德丽莎生日快乐！德丽莎生日快乐！德丽莎生日快乐！德丽莎生日快乐！德丽莎生日快乐！德丽莎生日快乐！德丽莎生日快乐！德丽莎生日快乐！德丽莎生日快乐！德丽莎生日快乐！德丽莎生日快乐！德丽莎生日快乐！德丽莎生日快乐！德丽莎生日快乐！德丽莎生日快乐！德丽莎生日快乐！德丽莎生日快乐！德丽莎生日快乐！德丽莎生日快乐！德丽莎生日快乐！德丽莎生日快乐！德丽莎生日快乐！德丽莎生日快乐！德丽莎生日快乐！德丽莎生日快乐！德丽莎生日快乐！德丽莎生日快乐！德丽莎生日快乐！德丽莎生日快乐！德丽莎生日快乐！德丽莎生日快乐！德丽莎生日快乐！德丽莎生日快乐！德丽莎生日快乐！德丽莎生日快乐！德丽莎生日快乐！德丽莎生日快乐！德丽莎生日快乐！德丽莎生日快乐！德丽莎生日快乐！德丽莎生日快乐！德丽莎生日快乐！德丽莎生日快乐！德丽莎生日快乐！德丽莎生日快乐！德丽莎生日快乐！德丽莎生日快乐！德丽莎生日快乐！德丽莎生日快乐！德丽莎生日快乐！德丽莎生日快乐！德丽莎生日快乐！德丽莎生日快乐！德丽莎生日快乐！德丽莎生日快乐！德丽莎生日快乐！德丽莎生日快乐！德丽莎生日快乐！德丽莎生日快乐！德丽莎生日快乐！德丽莎生日快乐！德丽莎生日快乐！德丽莎生日快乐！,"['【崩坏3鬼畜动画】德丽崩莎（达拉崩吧）', '【对王之王】对 王 之 王 德 丽 莎', '【崩坏3】喵喵喵？', '【MAD/混剪】水  一  期 视  频', '【MAD/慢燃】含 番 不 含 图 ，不 含 战 斗 含 恋 爱', '德 丽 莎 引 擎', '崩坏3编年史-逐梦双星-2019-04-26-10-46-18-398']",100000254,26,0,3,2,2,0,13,"['尝试输了一个av号就来到了你这里，这样的相遇就是缘分的见证，三连奉上', '[热词系列_三连][热词系列_吹爆]']"
梅溪湖宅在家第七十四弹——（石凯、文韬）川师彭于晏、电竞王嘉尔带妹吃鸡,2020-03-28 22:39:46,"['声入人心', '娱乐', '明星', '明星', '名侦探学院', '石郭拌饭', '文韬', '梅溪湖', '石凯']",-,"['【文韬】文韬视角吃鸡，队友蒲熠星，唐九洲，石凯', '【南北cp | 石郭拌饭】富士山下 | 谁能凭爱意要富士山私有', '【名侦探学院憋笑挑战2.0】你这个笑很不礼貌欸', '【石郭拌饭】石凯骚操作盘点，把文韬唯粉打在公屏上！', '【石郭拌饭｜石凯x郭文韬】45秒爱上他  年下直球小狼狗一见钟情', '石郭拌饭互宠超甜的', '【石郭拌饭】你就是我的小星星', '名 侦 探 学 院 男 子 图 鉴', '【名学RAP】【车速警告】康一康zei些不能播的VIP专属快落~', '【石凯&郭文韬】319连麦吃鸡的爱恨情仇', '【石郭拌饭】全世界的人都知道||任何人不能阻止我对你的好', '【声入人心×梅溪湖】倒放猜笑声比赛1.0', '【郭文韬x石凯】石锅拌饭｜你就像天外来物一样求之不得', '【吃鸡直播|套娃录屏|分P】0406|文韬 蒲熠星 唐九洲 周峻纬 石凯', '蒲韬州凯的吃鸡时光', '【all韬】What is Love|我的世界为什么每天都是偶像剧', '【名侦探学院丨石郭拌饭】【石凯X文韬】感觉爱情闯进门乱了心跳', '【南北cp】撒野 蒲熠星那些自己都看不懂的操作 蒲熠星x郭文韬', '【蔡尧】巧儿直播在线向凡凡石凯弟弟晰哥索要礼物 这么“抠门”的巧儿你见过吗？（狗头）', '#金圣权##石凯#快两年的《可能否》']",100000258,941,4,0,31,1,0,15
【只狼】苇名门神,2020-03-28 18:53:32,"['只狼', '游戏', '单机游戏', '娱乐', '游戏练级挑战']",这就是葦名大转盘吗,"['【逃课的废物】让年轻义父变老年痴呆的包爽套路，woc还能这么打？', '[苇名大转盘] 年 度 射 击 游 戏', '[苇名大转盘] 给 大 伙 整 个 新 活', 'TGA2019年度游戏 只狼 简单易学全忍杀 1.04全Boss全精英 全佛珠种子 全结局', '【只狼】苇名狙神18秒5炮轰死封顶双难鬼形部', '【只狼】人如其名！刀斩肉身，心斩灵魂！蒙眼击杀怨恨之鬼', '【苇名大转盘】我红点儿呢？', '【只狼】不想卡门的弦一郎（逃课）', '快住手啊！军事法庭会判刑的！', '[苇名大转盘] 绿 点 还 能 这 么 玩 ？', '【只狼】无赖打法气死弦一郎', '【只狼逃课的废物，老义父巨型忍者枭撤硕逃课打法】包爽，有手就能过', 'GY叔《这也叫速通？》破游戏打完就退款！（滑稽）', '【神界原罪2】邪恶的陷阱是怎么制成的', '只狼：包爽攻略无伤秀翻鬼刑部，良心攻略！萌新再也不用受苦了', '要么认怂要么死，（暗黑）少女地牢，资本主义理论下的急先锋（笑）', '【最后生还者2】无解说剧情流程剪辑版（弃坑）', '【神界原罪2】法系技能简单解析(不含辅助)', '【危机合约#0】全网首发危机等级27 破碎大道 丢人，赶快退出战场', '【神界原罪2】（教程）从零开始闯荡绿维珑']",100000265,44,0,0,2,4,0,5
95版植物大战僵尸小僵尸大麻烦（只要樱桃炸弹多，小僵尸又能成为什么麻烦）,2020-03-28 19:39:33,"['植物大战僵尸', '游戏', '单机游戏', '单机']",,"['植物大战僵尸之三十六计，僵尸博士落荒而逃！', '僵尸吃了我的脑子', '僵尸吃不到我的脑子', '玩了让人心肌梗塞的奇葩pvz改版', '僵王博士：傻了吧！爷会偷袭！', '对不起，我走错了！', '笑到泪目！这山是人能爬的吗？？？', '8.6.1新植物-藏红花试玩', '【芦苇】屋顶的冰车是怎么上去的？-植物大战僵尸TAT版#06', '僵尸：可恶啊，这你让我怎么选', '你从未见过如此奇葩的版本！（屑版不丢车通关合集）', '墓碑吞噬者为什么吃墓碑?', '植物大战僵尸95版7：舞王带三爷，大喷菇脑子不好所幸我有毁灭菇', '憨批僵尸，从我的电脑里滚出去！', '当我比游戏更恶心  它就恶心不到我！', '抽风配音！这谁特么种的花啊！【花园小剧场】', '【芦苇】这是坚果保龄球？-植物大战僵尸β版#55', '玩完这个奇葩pvz改版，我已经砸了五台电脑了！', '打完这关我就这个表情！！', '僵尸骑士团']",100000283,24,0,1,0,0,0,2,['av100000283']
纯生，【弟2期】,2020-03-28 20:19:29,"['游戏', '网络游戏', '网络游戏', '游戏视频', '新人', '娱乐', '直播录像']",,"['打的和敦克尔克大撤退一样（我会找时间剪一下的啦）', '纯生第2季 {第2期}', '纯生。【滴3期】', '纯生 【弟4期】 （大结局）', '《Noobs》90分钟NAXX farm-孤刃视角', '【糖豆人】无法届到的终点~A酱的一生之敌', '《A D C》', '【熟肉第四季】如果生活就像AmongUs一样【CC双语字幕】If Everything Was Like Among Us 4', '还是那个几个可怜的僵尸。[终于学会了绿幕,在结尾】', '厄加特最新版本出装.不能说是最强的！但是，是最有用的！', '当（叙利亚少女）发动双马尾攻击', '坦克世界圣诞节官方强行修改内容，不要再被当猴耍了', 'C皇秒学R血怒1V2 9分钟掏出三项之力 观众：这把稳了！', '（剪辑大改的《新手上路》1）', '你们已经被（叙利亚少女）包围', '对面五人住在下路？守约：这一个个接着送多不好意思！【王者荣耀】', '怀旧服NAXX   法师单刷，冰冻符文 3个区', '原神策划和玩家', '“武  器  之  亡”', '【屎O说】没有团本的网游，当然是缺少灵魂哒！']",100000285,22,15,2,1,4,0,5,"['棒(๑•̀ㅂ•́)و✧[热词系列_高产]', 'av100000285']"
【盘点】那些颜值过于逆天的反派/三观呢？Σ(っ °Д °;)っ【第3期】,2020-03-28 17:47:36,"['李栋旭', '影视', '影视剪辑', '他人是地狱', '徐文祖', '经典', 'HP', '反派', '盘点排行', '绿娃']","一些演值逆天的反派角色，都是让人印象深刻，塑造生动的角色~
特别提示：虚构人物，请勿当真","['【他人即地狱】刀尖舔蜜(李栋旭x任时完)', '【他人即地狱】“亲爱的，你今天很生气啊”| 病娇医生强制爱 | 舒爽踩点【李栋旭×任时完】', '【他人即地狱丨李栋旭×任时完】杀手×斯德哥尔摩情人【病娇两部曲】', '【李栋旭】涨粉的千层套路', '【李栋旭｜徐文祖】亲爱的 你已经身在地狱了', '【夜行书生】【李洙赫】【高能踩点】当病娇拥有了神仙颜值和低音炮还有什么理由拒绝他？！', '【牢底坐穿组】刀尖起舞的西装暴徒/斯文败类Alpha混剪/结尾超燃枪战', '【他人即地狱】“这个世界上，有太多的我了” | 剧情向踩点【李栋旭×任时完】', '【李栋旭撩妹歪头杀】哥哥这个歪头杀和眨眼好撩啊，你是吃可爱多长大的嘛，仔细看哥哥超多小表情动作，深邃的眼睛性感的嘴唇，美颜暴击！！', '【欧美男神混剪】病娇|反派|颜值 血腥的爱 使我疯狂 暗黑向', '【HP/高颜值/微踩点】“不要心动挑战×There for you♥♡★～”（无字幕版）', '【欧美男神混剪】颜值暴击，盛世美颜', '【朱一龙&李栋旭】【小丑居&徐文祖】谁是谁的猎物？', '【盘点】不怕反派坏，就怕反派帅，变态杀人狂/病娇/斯文败类/多重人格（观看时请携带好三观）', '【李栋旭沐浴裸照】老李身材真的A爆了，好上头…', '四十岁活的比二十岁还帅，你栋哥不愧是你栋哥［李栋旭］', '【肖战】“飞过人间的无常，才懂爱才是宝藏。”', '【女性/混剪/一点色气】对不起，我下贱了', '【奇幻电影混剪】蒂姆伯顿的奇幻世界（又名：为什么乌鸦像写字台）', '【HP】斯教快乐歌-“我今天就要扣格兰芬多的分”']",100000290,33816,470,145,760,285,38,2468,"['我常常因为反派的五官而觉得主角不知好歹[doge]', '迟到的课代表又来了！                                                  1.《斯托克》2013     马修·古迪饰演查理          2.《黑暗阴影》2015    伊娃·格林饰演女巫安琪莉卡                                                          3.《哈利波特与密室》2002   克里斯蒂安·库尔森饰汤姆·里德尔                                          4.《他人即地狱》2019   李栋旭饰徐文祖', '封面老李极度好评！！！[喜欢]', '封面！！李栋旭！！', 'up他人即地狱年份错了[doge]']"
Sang-'s Couple of B-CUT scenes,2020-03-28 17:35:13,"['瑜伽', '健身', '时尚', '健身', '瘦身塑形', '性感', '美女', '瘦身', '日常', '运动', 'YOGA']","Yt
喜欢就点点关注吧~????","['《夺冠》电影独家热播中！', '“地狱级别”的全身拉伸，安利', '懒女孩睡前10分钟，拉出“斩男腿”！', '这次真的有了', '做下身运动前，必修的3分钟热身！', '程潇早年，在韩国女团的视频，不得不说真漂亮', ""Sang-A's stretching routine #20"", '韩国瑜伽美女Sang-A freestyle日常【26】', ""Sang-A's stretching routine (BoardwalkBumps3 ) [4320p]"", '【Beauty】', 'Korean Yoga', '【唯美】Rusya Krutas 那个超软的女孩', ""Sang-A 's Stretch with Actress Soyeon Kang"", '当你练成倒立俄挺后，就感觉人生像开挂了。只是想给自己来点回忆。记录下点点滴滴。加油！', '法令纹深？鼻基底塌？一招帮你快速改善', ""Sang-A's THREE favorite STANDING YOGA POSES"", 'Sang-A Freestyle yoga flow', 'Korean Yoga', '睡前轻松开肩美背，实测胜过空姐开肩法！能做到第3个的动作请举手', '男朋友视角就是这么美', '瑜伽女神sang-A yonini动作展示77']",100000295,7114,11,6,293,10,8,145,"['各位不会和我一样都是瑜伽爱好者吧', '都是老瑜伽爱好者了', '完美', '第十秒，我好了[doge]', '进来学跳舞']"
《平安夜》吉他弹奏~喜欢这个圣诞前夕的日子,2020-03-28 19:31:08,"['木吉他', '演奏', '音乐', '演奏', '弹奏', '女生', '音乐']",,"['【吉他指弹】愿樱 绝对领域之上的愿望樱花', '一首让你心里变暖暖的吉他曲《暖冬》', '【这是人想出来的指法？】Desperado - Lucas Imbiriba (Acoustic Guitar) - Canción del Mariachi', '【指弹】枫叶城（完整版）什么时候成为一个成熟的音乐区up猪呢', '《一直很安静》最适合深夜弹奏的片段', '《荒野魂斗罗》吉他弹奏 - 教学', '音乐中所有的七和弦由来！太重要了这个！', '【雨中华尔兹丨练琴】睡觉之前来一段，大家晚安', 'Canon in D -卡农-吉他指弹（带谱）', '【人人玩指弹系列】星河中是你《所念皆星河》-房东的猫', '库普兰《神秘的路障》| Marco Tamayo', '【每年圣诞节都是吉他手们大显身手的时候】 Joe Robinson - Jingle Bells', '超强【吉他指弹】| 全程高能 木吉他翻弹日本指弹吉他油管大神 Okapi《The Sign》', '神还原！吉他版植物大战僵尸通关BGM Zombies On Your Lawn', '别有韵味！弗拉门戈版《Lemon》米津玄師~吉普赛吉他手Lucas', 'We Will Rock You', '【大合集】民谣吉他考级曲目', '《D调卡农》Canon In D | Jin-Sung Lee', '阿尔比诺尼–贾佐拖 G小调柔板', '用十几种乐器弹小鸟伏特加？各种神奇乐器猜猜有什么？']",100000312,34,0,0,2,0,0,3
望远镜测试（2）,2020-03-28 19:30:05,"['生活', '日常', '望远镜']",400米屋顶和2000米河对岸测试，没有专用望远镜手机夹，纯手拿手机拍摄，所以不稳定，给大家做个参考。,"['用双筒望远镜来观星', '小姐姐掏出望远镜的那一刻就已经是王者了', '宝视德10倍望远镜动态效果展示！', '[瑞子]我再也不会买这些沙雕游戏手机了！', '95式 3304厂 军用望远镜开箱  民用级vs军用级 看细节开箱就知道了', '【自制】博冠保罗二代 10×50 望远镜 个人快速上手体验', '用望远镜能在北京北动车所看见什么？', '【通用手机夹使用说明】by神鹰光学® 版权所有', '给你一个50million mile的望远镜，你能看到什么？', '果然又掉坑里了，拼多多购买的品牌观鸟镜，到手却是个山寨货，还是个坏的', '莫迪刚宣布封锁全国，印度民众连夜抢购', '滴哥又买了个单筒望远镜，看他这次买的效果如何', '测评贝戈士望远镜，能清楚看见江对岸的湖北', '300元望远镜加手机拍月球', '森林人20X80小哨所加固版双筒望远镜接苹果XR手机拍摄的镜后成像视频', '用了6年智能手机才知道，手机里还隐藏有“望远镜”功能，不管多远都能看清楚', '你从未见过的剥鸡蛋神器~首先这形状就TM离谱！@油兔不二字幕组', '如何自拍电影感短片（值得收藏）', '俄罗斯钻石开采-世界上最大的钻石矿井', 'SWAROVSKI施华洛世奇BTX 95双目单筒观鸟镜效果视频评测']",100000315,250,0,1,0,0,0,3,['av100000315']
赌怪可达鸭！ 红11 4400e 开服一周之后那个红神又走进了修炼场,2020-03-28 18:31:33,"['DNF', '游戏', '网络游戏', '网络游戏', '地下城与勇士', '红眼']",由于100级实战没有打桩 所以吃了cd药打双大吸 实战是可以复刻的,"['【DNF神经病配音】春节礼包', '【DNF】魔界人的复仇', '5000e！！ 当一个红神在修炼场摇出了六点 人们会称他为——赌怪', '红十一4000亿！当开服一周便齐了幸运三角的漫游走进了修炼场……', '刺激！被大姐姐鞭打是一种怎样的体验？', '国服第一红眼我只认ceo，打桩1.2兆亿，酸酸宝宝有理由不发工资了', '版本的尾巴！迎接红神三绝！红11帝血弑天携7400奶萝二拖普雷', '100级版本三绝双至尊红眼打桩', '一首歌的时间带你看深渊闪光（以及来自队友的口吐芬芳）', 'DNF：当你放弃超界五去铭刻神话时', '玩个瞎子也挺好', '【DNF】红11毕业红眼打桩800e（极限打桩技巧）', '红眼现版本20秒极限打桩手法', '手搓成为最强套！！', '收集箱的最后一天，不完美红11.1红眼，900E达成（双大吸+双狂斩）', '红11红眼20s打桩5360e', 'DNF？二段跳？红眼？十倍快乐？你完蛋了！', '红11红眼 二拖奥合之眼困难模式', '手搓红眼携7100奶妈二拖洞察之眼', '2+3+3+1红11红眼测试提升还是很大的，有了2+3直接继承即可']",100000325,123,1,8,2,6,0,5,"['666', '给凤年打个call', '答应我不要拿后半生玩游戏好么', '古德古德', '凤年哥还是强的呀']"
奇速英语助你踏上轻松学习之路,2020-03-28 19:45:16,"['英语学习', '英语', '生活', '日常', '学习']",,"['最快背单词法，考前10天背完任何词汇【铁木君】', '【干货】五分钟教你两个超级超级高效背单词的方法！', '会四种语言是一种什么样的体验？', '进收藏夹吃灰！2020年，为什么我们还需要英语？', '中考英语总复习（最全最完整）', '人生最自卑的三年，从结巴到演讲冠军，面对嘲笑和失败，我一路死磕到底', '外国博主：这样的中国需要你们的救赎吗？', '清华“刘昊然”or“周杰伦”？21世纪杯冠军！！', '【拒绝熬夜】让你早睡的10个方法，总有一个适合你！建议收藏~', '170+集 牛津在线英语课程 Oxford online English 【英文cc字幕】', '和外国美女视频聊天 全程给我笑掉牙。。。', '所有英语从句, 一个视频合集搞定(看完就懂)!', '留美八年假装不会说英语上网课，开口后外教惊呆了。。。', '韩国高中生每天做什么？｜艺高生的24小时｜声乐和舞蹈练习｜日常饮食｜DOJIN图真', '你 想 当 网 红 吗？', '奥巴马上海复旦演讲', '<日常怼粉丝专场>:系统说明低价网红甲醛检测仪无用论', '换座位时你们喜欢坐哪里？', '狗血！摩洛哥小男生和200多斤的美国未婚妻！！', '【100课】英语日常口语对话 | 开口说地道英语（完整版）']",100000327,4,0,1,0,0,0,0,['av100000327']
老画家 | 宫锁沉香 | 你刻于碑石 我生于孤寂,2020-03-28 19:00:38,"['影视剪辑', '影视', '影视剪辑', '古装']","没有剧情   是be

素材来自宫锁沉香

两年多不用 爱剪辑变流氓了 水印太丑还去不掉...","['《夺冠》电影独家热播中！', '李栋旭X李洙赫 | 如惊鸿初遇 | 老画家', '【磊白】杨平/岩枭X顾南衣 | 老画家｜我恨我只有黑白，画不出鲜活的你', '【BGM】宫锁沉香', '刘诗诗 · 胡歌 · 老画家', '【水月洞天】cp群像｜老画家｜大型悼亡现场', '【瞳耀衍生】为遇见你  破谅/瞳耀/然帅', '【拉古斯兄弟组】（07GHOST/神幻拍档）老画家', '电影《宫锁沉香》：蝴蝶飞走了，明年还会再来。', '【梅香如故｜少年佳偶终落寞｜陈晓 · 李沁｜胤祥 · 寒香见】', '【经典古装】让我看看........原来是你！', '【老画家联盟】这个能让你笑一年', '【伞少女梦谈】思弈篇  这是个让我看一次哭一次的故事(*꒦ິ⌓꒦ີ)   BGM：《花念》（伍六七里面的）', '感谢捧场。赵/丽/颖眼福段子_', '桂 | 无意义日常 | 这一路上走走停停', '【赵丽颖】【宫锁沉香】【蜀山战纪】', '【美女与野兽】2014    时光里开出永不凋谢的玫瑰', '中国好歌曲第一季 《法国老画家》- 汤小康 纯享版+完整版', '【华农兄弟】B 站 等 级 现 状', '宫锁沉香，陈晓将计划告知赵丽颖，结果分分钟遭背叛，真是缺心眼_超清', '周冬雨和陈晓的这段【吻戏】太可爱了吧~']",100000331,43,0,0,0,0,0,2
WNBA预定状元－三双王塞布丽娜约内斯库,2020-03-28 19:01:29,"['篮球', '体育', '生活', '运动', '塞布丽娜约内斯库', 'NCAA', 'WNBA']",https://m.weibo.cn/6499653743/4484286591459802,"['女版哈登！NCAA女将Kelsey-Plum当选WNBA状元', '篮坛巾帼盘点：史上最佳后卫 Sue Bird （高清生肉）', 'WNBA 2018 Playoff Final决赛：西雅图vs华盛顿(ESPN)', '萨布丽娜：WNBA新科状元，球没她打的好，鞋子还没她的吊！', '【JRs字幕】WNBA第一美女球员艾琳娜教你双手控球！', '【WNBA】NBA看腻了看看WNBA', 'basketball is my girlfriend', '曼巴传人Sabrina Ionescu当选WNBA状元', 'WNBA 2020新科状元Sabrina Ionescu', '2020年WNBA选秀回顾：三双女王伊内斯库当选状元', '女篮 13佳扣篮  吓到腿软 这水平已经很高了', '2020年WNBA状元？俄勒冈女王：Sabrina Ionescu', '女哈登首秀！WNBA女状元凯尔西季前赛19分集锦', '【赛事合集】6月30-7月10日2019WNBA常规赛4场比赛', 'WNBA 2020新科榜眼Satou Sabally', '逐梦WNBA的中国女篮国手--韩旭 中国女篮轻松备战纽约自由人，韩旭迎来WNBA首秀', 'WNBA现役历史得分王 陶乐西2018年季后赛精彩剪辑', '科比传授坎迪斯帕克进攻动作，wnba球员什么水平？', '女篮核心邵婷，在WNBA山猫的高光时刻', '这才叫解说！美国解说炸毛时刻 精彩集锦']",100000333,245,1,3,3,1,0,7,"['感谢up', '所以她现在还在ncaa吗 啥时候选秀', '有twin brother好有意思']"
3d的王者,2020-03-28 18:54:14,"['游戏', '手机游戏', '手机游戏', '游戏视频', '新人', '娱乐', '3D', '王者']","3点
...","['展翅翱翔的云中君，为何飞不起来了？', '看～李信！', '崽子太皮，到底是谁的问题？', '【王者五杀Top5】澜：1打5的澜！蔡文姬能不爱？！', '鲨鱼恶霸之刘邦瑶澜组合', '光遇sky：是谁点的数墓土螃蟹？！数了几个小时！！', '「王者荣耀」澜·《目标》CG完整版｜…我买了！', '【光遇-梦想季】国风曲《烟袋斜街》新乐器琵琶演奏！', '【王者荣耀】新英雄澜CG动画完整版', '素  质  男  瑶', '很不容易的运气4杀', '天外飞熊', '《王者荣耀》蔡文姬为澜朋友的复仇之战！', '【第五联动珍宝】一早上13金皮', '滴~来自周深的亲自邀约！约好了12月17日要来游戏里听歌噢~【新笑傲江湖】', '剑魔4杀*⸜( •ᴗ• )⸝*', '撒  尿  牛  婉', '【国服第一孽蜥】这三分钟足以让你说卧槽', '【王者荣耀】澜鲨之猎刃！新英雄好帅！鲨人潜行于黑暗，有利于攻敌！水，是我擅长的领域！', '【偶像梦幻祭2】日服五星总览（持续更新）']",100000335,11,0,0,0,1,0,2
《王者荣耀》单排40星 1分钟三杀 三角形打野玄策,2020-03-28 20:24:16,"['百里玄策', '王者荣耀', '游戏', '电子竞技', '电子竞技', '游戏视频', '单排', '打野']",第二期发出来啦 喜欢的小伙伴可以三连关注一下吗 么么哒,"['【看完掌握所有打野英雄！不上王者你砍我！】还在迷信三角形打野？我看你头怕是真的铁——国服最强系列-韩信（寂然）实战篇', '你真的会打野吗？3分钟带你了解打野这个位置！', '王者荣耀：玩打野总是无力？如何才能成为野王，5分钟掌握', '沉迷大仙月下流丽，露娜三角形打野', '三明第一玄策教你怎么出装和搭配铭文，学会之后可在巅峰赛上执团搓锐，肆食鬼魅', '《王者荣耀》娜可露露三角形打野', 'B站最详细玄策教学！攻速阈值细节思路意识全部掌握，让你成为真正的野王！', '【4分钟看完】单排71星mvp 百星榜一打野玄策2分钟爆炸完美开局教学 公式思维决定走向细节决定成败', '[王者荣耀]王者40星，打野玄策2020.02.26', '新赛季不会玄策还玩什么打野？', '百里玄策教学，百里玄策二技能一细节99%的人都没有发现！', '最强打野玄策教学', '【真实】野  王  的  心  声', '王者荣耀：云中君最强干货技巧，无死角carry指南！', '王者荣耀大仙，差点反向0-10，大仙教科书般的打野玄策！', '刺客克制链：别再害怕选打野位，看完这个你就知道怎么选人了！', '【王者荣耀山野】是怎样的开局让百里玄策在巅峰赛3分20秒就天下无双？', '三角形打法，单人快速上分，8分钟轻松一万经济，1V5把把五杀的玩法', '【打野思路教学】6分钟教你如何打野。', '国服第一百里玄策，传说中别人家的玄策在这里！']",100000343,224,1,9,3,12,2,11,"['up铭文是啥啊', '火了就是老粉了', '[初音未来_端碗]', '整个三角形中单，勺形打野，干脆全吵了', '声音挺好听的呀[热词系列_妙啊]']"
Ironman胖哥的游戏日常-云顶之弈-星之守护者篇2.0,2020-03-28 18:36:08,"['云顶之弈', '桌游棋牌', '英雄联盟', '游戏', '桌游棋牌', '电子竞技']",星之守护2.0篇，如果再来一只辛德拉，结局是否会不一样？,"['官方：我邀请你体验，你又给我整活看？                     内部测试探索BUG', '星之守护者登录界面', 'Ironman胖哥的游戏日常-云顶之弈-星之守护者篇3.0', '【云顶之弈】你好S3 朴实无华，6星守4法', '星之守护者宣传片完整版- LOL英雄联盟', '【英雄联盟/云顶之弈】年度最燃云顶对局！五三星吃鸡！这是我的星之守护者！', '【云顶之弈】S3星之守护者女团4法25连胜吃鸡', '英雄联盟《LOL》星之守护者2CG', '英雄联盟云顶之弈星之守护者最强女团成功吃鸡', '云顶之弈S3 男人就应该玩星之守护者', '龙 王 加 入 女 团 了 ？？？', '【云顶S3阵容】6星守＋4法师 运营到位稳定吃鸡！', '神超：不好意思 22连胜 满血吃鸡 我没开挂 我嘴也没开光！', '云顶之弈梵天：星之守护者凤女吹吹乐', '老王云顶满地找球找了14颗球？星之守护者真香~', '外服自制皮肤 魔法少女辛德拉', '云顶之弈  星之守护者 提莫', '【云顶大学】10.14干就完事了，新6剑赌霞冲冲冲！', '【云顶 S3】星之守护者阵容吃鸡教学视频', '【英雄联盟】【云顶之弈】女团参上 星之守护者法师=吃鸡']",100000355,40,0,0,0,0,0,0
平衡板,2020-03-28 18:53:31,"['原创歌曲', '音乐', '原创音乐', '音乐', '原创曲']",有人在怪生活太平凡，你在那头羡慕了平凡！平衡板的两边，有多美好，就有多凄惨！—平衡板,"['【花少北/原创曲】花海少年', '【对对组原创曲】月下美人/ゲッカビジン【白雪巴/路易斯·嘉米/文美】', '我为你洗尽心口的尘和霜，跋山涉水只为到你身旁!', '暗 潮 汹 涌，LASER四子你争我夺，开启西幻大陆权谋冒险！', '【白音雪原创曲发布试听】『フェーデ』トレーラー【sinkirow】【Re_AcT_リアクト】', '青草鰱鱅', '【原创音乐】 也就是说', '【李常超】 长安姑娘', '【原创音乐】天空是什么颜色的 by Yuqi Liang', '【原创曲】L♡Fanfare【▽▲TRiNITY▲▽】', '未定事件簿-夏彥生賀曲《Lo siento》', '【原创曲】アドリブ\u3000～君が作った世界へ～', '【原创】懂·I', '【今时古梦x伦桑】天意如斯-信手测算国运福祸在身', '【流沙sober】游侠说《一梦江湖》原创同人曲！', '【兵烽征途】霹靂兵烽決第二片頭曲  ◎作曲/編曲：黃建秦 ◎作詞：太平 ◎演唱：李哲', '《澳貌岸然》', '【跳蝻 & 石川由依】二輪の花 【战双帕弥什 日服OP】', '嘘', '【花少北/原创曲】繁花宇宙']",100000357,18,0,0,1,0,0,4
抗日谍中谍通关录像,2020-04-01 00:20:25,"['RPG', '小游戏', '独立游戏', '单机游戏', '游戏', '单机游戏']","正版地址：http://flash.qianlong.com 【已失效】
推荐地址：http://www.17yy.com/f/13157.html","['密室逃脱系列通关录像丨深红色房间丨碧绿色房间丨天蓝色房间丨', '策略游戏【僵尸恐怖之夜】全流程', '追钗奇缘全路线通关录像', '最 强 亨 利', 'STANLEY博士的家Ⅰ·Ⅱ通关录像', '原始人生火通关录像【附失败花絮】', '双刃英雄通关录像丨Double Edge丨', '闪客快打6-毒刺计划通关录像', '机体风云之七日危机通关录像', '维尼连连看通关录像', '逃出洗手间通关录像丨TRAPPED丨', '谈判代表通关录像丨NEGOTIATOR丨', '武林外传之同福奇缘完美结局通关录像', '逃学威龙系列通关录像丨Riddle School丨', '这 才 叫 负 魔！', '暗影王国通关录像丨Shadowreign丨', '谈判代表第一关丨NEGOTIATOR丨', '儿时的抗日神游戏', '萨巴托重返丨帝国时代2战役丨Age of Empires Ⅱ丨', '一周目通关录像丨混乱之王2：使者的竞技场丨Champions Of Chaos 2丨']",100000360,129,0,1,5,4,1,10,['小时候在新浪网玩过[抠鼻]，老游戏了']
老妈做小笼包，家常做法，猪肉大葱馅，肉嫩多汁，咬一口满口留油,2020-03-28 20:14:19,"['厨艺', '美食', '美食', '美食制作', '包子', '生活', '小笼包', '肉包子']",老妈做小笼包，家常做法，猪肉大葱馅，肉嫩多汁，咬一口满口留油,"['想吃小笼包别出去买，教你这样做更营养，鲜嫩多汁，又香又好吃', '饭店不外传的调馅方法，没有太多复杂的调料，看到就是赚到！', '【小高姐】灌汤包 皮薄汤多 馅料美 面食中的王者归来', '老妈用剩米饭做锅巴，做法简单，香酥可口嘎嘣脆，吃出儿时的味道', '饺子家家都会包，但好不好吃关键就在调馅上，还是白案老师傅专业', '调肉馅，最忌直接放盐和料酒，教你小秘诀，鲜嫩多汁，不腥也不柴', '流出来了，好吃到舔锅底的【生煎包】，不愧是上海的牌面美食', '胃有点不舒服，老妈做了葱花油酥饼，小米粥，吃点小咸菜，真开胃', '小笼包不用出去吃，教您在家做更营养，皮薄馅大，鲜嫩多汁又好吃', '老妈教你炸麻叶，一斤面，一个鸡蛋，咬一口嘎嘣脆，小时候的味道', '炸酱面味道香不香，关键看这个炸酱，老师傅教你做酱肉香菇炸酱面', '山西老妈教你做馅饼，和面很关键，皮薄馅大，做法简单，好吃不贵', '店里卖88一只的大汤包，在家做会便宜多少呢？会不会更好吃呢？', '一口爆汁的小笼包，这样做就对了！', '山西老妈教你包饺子，怎么拌馅，煮饺子不破皮，都是经验', '提褶包教学', '老妈做小酥肉，晋南八大碗之一，农村宴席必备之菜，入口香酥滑嫩', '老妈回来了，做了炸酱面，老爸说不错，连吃2碗，山西人就爱吃面', '【小高姐】软嫩滑口 用科学的方法蒸出完美的鸡蛋羹', '山西老妈做疙瘩拌汤，颗粒均匀，好喝又养胃，味道鲜美，口感劲道']",100000361,25299,144,70,731,292,131,1289,"['妈妈讲解的好认真[点赞][点赞][点赞]', '妙不可言', '啥叫上汽', '还以为是 翔翔大作战 哈哈', '阿姨以前是老师吗?']"
第二天毫无长进,2020-03-28 18:55:57,"['C4D', '技术宅', '生活', '搞笑']","看着有点恶心
下午看看打会游戏录个像？",['c4d 学了2个小时 还蛮好玩的 这个'],100000362,11,0,1,0,2,0,1,['我的c4d教程一直在收藏夹落灰']
郭老师浑身发臭，在线寻找兽医。,2020-03-28 18:57:17,"['生活', '日常', '迷人的郭老师', '郭老师', '快手']","快手
郭老师浑身发臭，在线寻找兽医。","['郭老师亲述前男友的真实身份，听到最后令世人唏嘘。', '郭老师告诉你什么是人心！', '郭老师连麦药水哥，全程尖叫，是什么让郭子如此疯狂！？', '怎么样才能邀请到郭老师去你家玩？', '安琪拉郭连麦奇才，笑死我了awsl啊啊啊啊啊啊', '郭老猪烫发记', '【郭老师/李泰容/Jennie】【剧情向/病娇】变态的爱', '骗子用我照片网恋赚了几百万，还送我上央视！', '2726老公成会了，郭老师在线飙泪！如果爱，请深爱；不爱请抠眼珠子！', '用舌尖的方式打开郭老师', '震 惊 ！ 郭 老 师 自 爆 做 过 20 次 人 流', '达令不在家郭老师深夜唱情歌～一首说谎带给大家', '郭老师pk被叫野猪', '激 郭 雨', '郭老师pk输了被罚，和达令换装一起摇头', '郭子驯夫合集', '12.9晚郭老师录播 pk被凶 气的哭哭', '密集恐惧症当场去世', '郭老师12.11连麦小李朝 谈北京租房', '郭子上热搜之后，激动发言']",100000363,96,0,1,1,0,0,5,['会不会是不洗澡[微笑]']
2019-10-27韩国模特千世拉，刘智惠_CJ,2020-03-28 18:57:21,"['秀场', '汽车', '韩国', '生活', '日常', '女神', '性感', '时尚', '诱惑', '小姐姐', '模特', '车模', '车展']",youtube,"['中奖一台400W的法拉利是种什么体验？', '2020东京车展GORDON TRIKE', '我kao赵露思也太美了吧，可盐可甜赵露思', '韩国美女啦啦队长！太美了吧', '韩国模特-李恩恩', '【不歪头系列】韩国车模  Cheon Sera （千世拉） 2019', '性感车模精选31', '4K 韩国车模31', '2019首尔汽车展赛车模特闵彩允金多温', '日本cosplay', '2016韩国车展模特刘智慧', '韩国女主播亲自上阵，几个小招式让你痩一圈！', '名古屋车展2020 [日本盐田] 4K NAGOYA AUTO TREND 2020', '韩国车模——崔星河   BGM：我的眼泪为谁飞', '皮裤美女 2018摩托展', '4K超高清 竞赛模特 Seo yuna 徐允雅  2019 CJ超级赛锦标赛', 'TMS2019 SUBARU江藤菜摘 东京车展2019', '“你还记得星爷电影里绝世美人吗”', '东京海滨防灾公园cosplay', '校服克拉克(CLOCK)徐英摇直拍#弘大巴士王', '国产车模0089']",100000372,302,0,0,15,0,0,2
8：多项式节点删除函数,2020-03-28 20:37:59,"['知识', '野生技术协会', '河池学院计算机协会', '数据结构']",本视频主要讲解，如何用跳过节点的方式来实现在单链表内删除节点。,"['10：多项式辗转相除法函数ZZXCF()', '2：生成多项式链表', '1：生成简单的多项式链表', '5：多项式相加函数DXS_add()', '7：多项式整理函数zhengli()', '3：输出单链表所表所多项式的函数', '4：多项式复制函数DXS_Copy()', '6：多项式排序函数paixu()', '9：多项式乘法与减法函数', '细数Java面试中那些坑，面试有陷阱回答需谨慎', '#参数化设计软件-参数化核心操作GH数据结构讲解', 'sundry-2020.4.29-1-MATLAB学习杂碎(无字幕版本)', '【2021就业班】数据结构-树入门', '【2020Java版】数据结构与算法，鲁班学院教程', 'RPGmv-调试工具展示-（RPG Maker MV）', '花花酱 Min Heap - 刷题找工作 SP21', '大话数据结构（已完结）', '马士兵&左程云《数据结构与算法》37集详细教程，从入门到精通再到面试技巧。', '基于C++的数据结构与算法', '字符串类型的实现-大家来给他们打打分（建议：80-100分之间）']",100000378,25,0,1,0,0,0,2,['多项式辗转相除法项目的源码下载地址：\n\n请加入“河计协活动通知群”，并在本群的群文件夹“技术部-多项式辗转相除法-链表-具体代码文件”内，下载并解压此代码，此代码的项目文件需要使用“Dev-c++”来打开。\n\n通知群群号：931650213']
又双叒叕对上了,2020-03-28 18:51:03,"['生活', '日常', '洋葱', 'jk', 'quin', '对不上', '阿夸', 'vtb']",动森day21p到动森day22p之间（确信）,"['BML-VR2020全程免费直播！', '【Aqua✖Quin】不是洋葱是狗狗', '【quin】对不上的奇妙冒险【aqua】', '【熟肉/手书】邀请诺艾尔吃饭却反被撩的凑阿夸【湊あくあ】', '【Mr.Quin】秦先生的偶像宣言', '秦喵喵：我的眯眼有点严重欸【Quin】', '【hololive四期生】三个女人一台戏（整活2.0）', '【手书】不管说什么都要上钻石的湊阿库娅酱', '【熟肉】臭洋葱，不许凶阿夸！', '集合啦！Quin森友会宣传片', '【手书】秦国话', '秦天卡丁车', '【秦国动画】狗头人的节奏天国', '【Quin】只狼：影逝二度 XboxOneX版评测', '好 人 没 好 报', '吸点秦喵喵缓解下压力', '【熟肉片】“这个洋葱还蛮写实的”【湊あくあ】', '【Quin剩饭】缺大侠', '【Quin】怎么就是另一个人格了？我和阿夸有什么相同之处么', '【熟肉片】关于全世界都知道我是个洋葱这件事【湊あくあ】', '【多重套娃】给你看看什么才是真正的不协调']",100000385,2509,1,4,5,4,1,39,['对上了对上了']
Minecraft红石,2020-03-28 18:38:35,"['我的世界', '游戏', '手机游戏', '手机游戏', '红石教程']",-,"['手机版我的世界真实枪械模组拥有各式各样的武器装备还能召唤空投', '我的世界，可以用的激光门', '取名迷你世界，实则盗版我的世界，还能联机泡外国妹子！', '手机版我的世界新版植物大战僵尸模组新增多个巨人还支持生存模式', '【奇怪君/起床战争】前期被压制了怎么办？别慌，击退棒是个好东西', '十分钟教你在生存做一个刷铁机#[MCBE]我的世界1.16单人原版生存《刷铁机》', 'MC新闻！西瓜视频大主播狂叫！迷你世界才是正版我的世界是盗版的！为了骗小孩的钱！']",100000390,8,0,0,0,0,0,4
高木同学你怎么还不出第三季啊,2020-03-28 18:54:31,"['动画', '综合', '剪辑', '擅长捉弄的高木同学', '狗粮', '高木同学', '西片太太', '西片']",微博,"['《擅长捉弄的高木同学 第二季》', '轮到西片来帮你洗脑了！', '你已经多少天没看高木同学了', '每天亿遍，甜蜜无上限！！', '【高木同学】塞饮料的背后，你没注意到的太太心酸瞬间', '虐狗高甜！你暗恋的人也喜欢你是世上最幸福的事。【擅长调情的西片太太】', '[一日同学,终身太太]呐,西片 你这辈子只能娶我哦', '愿每个人都能遇到自己的高木同学 第三季再见【擅长捉弄的高木同学】', '虐狗高甜！从我喜欢上你开始，就已经是你赢了呀', '【西片太太】❤失眠飞行❤【巨高甜警告】高木x西片', '勾指起誓&&调情西片太太的第三季还远吗【高甜预警】每天亿遍', '「狗灭之刃」高木同学与辉夜大小姐联动?', '高木同学真结局？！表白接吻、西片A了上去？超甜剧情另一世界线！【擅长调情的高木同学】', '[MAD]西片太太/高木同学的50个心动瞬间', '全程高甜！你暗恋的人喜欢你是世上最幸福的事【擅长调情的高木同学】', '小千：甜的我头都大了', '我们仍未知道那天高木同学所做的鬼脸', '【擅长捉弄的高木同学】 高桥李依现场配音告白 啊我死了！！', '【高木同学】擅长kiss的高木同学？！', '快来恰饭了{擅长捉弄的高木同学}', '【盘点】高木同学中最经典的六大暴击！前方高虐！']",100000391,1591,1,28,20,6,1,141,"['2021吧，希望', '既然up 说了，那我就重复一遍:高木同学你怎么还不出第三季啊', '我告诉你为何异世界四重奏还有租借女友还有人02高桥很忙啊', '等到自闭', '坐等第三季[doge]']"
简简单单的溜鬼视频（看简介）,2020-03-28 18:48:50,"['第五人格', '游戏', '手机游戏', '手机游戏', '娱乐', '匹配', '溜屠夫', 'bilibili新星计划']","不点个关注吗( ๑ŏ ﹏ ŏ๑ )，不行免费的赞也可以
粉丝群1078021607
只是普通的匹配局啦，打打完，将就看看吧","['月 亮 河 团 建', '当你溜鬼到最后一无所有的时候你的队友在干什么？', 'C牌勘探秒倒怎么办？B牌杂技在线逆风翻盘', '星 际 不 该 免 费', '私人舞会【花纹全靠想象】', '崽种，我盲杖呢？？？', '【第五人格】厂长的千层套路（捂肝）', '【前S厂长闰之土】第 五 人 格 最 惨 祭 司', '三阶四勘探员溜鬼视频，给个素质三连吧(⁄ ⁄•⁄ω⁄•⁄ ⁄)', '我的世界:超级海绵瞬间榨干海底神殿！', '勘探员VS黄衣 一刀斩又能奈我何？', '【第五皮格厂】80：暗神酱佣兵秦王绕柱轻松逃生 低保红夫人自信镜影千里吃枪', '【pvz β版】450阳光的花花到底有多败家', '【第五人格】建议改成：梅开二度  翻车司机顶呱呱', '【伞皇暗神酱】细节决定成败，宿伞被禁绝活孽蜥！', '【S厂长闰之土】被官方删除的绝版落地斩！收下吧，这是我最后的落地斩翻盘了！', '《第五人格》曾s牌祭司教你如何快速打洞', '鬼畜将首次使用动态图标', '公 主 殿 下 幽 会', '建议改成：战术拉回']",100000403,55,0,5,0,0,2,26,"['咱列表居然上素材了[吃瓜][吃瓜][吃瓜]', '加油！！！', '绝活哥[热词系列_不愧是你]', '开局撞鬼 2333', '久伴NB']"
我喜欢了你十年，却用整个四月，编制一个，我不爱你的谎言。---宫园薰,2020-03-28 18:52:23,"['四月是你的谎言', '动画', '综合', '音乐', '宫园薰', '有马公生', '催泪', '催泪向']",我喜欢了你十年，却用整个四月，编制一个，我不爱你的谎言。---宫园薰,"['高清完整版《四月是你的谎言》漫画登录B站！', '最后的告白', 'XYLØ-踩点-黑化宫园薰-你愿意和我殉情吗', '薰 四月又快到了', '这是可以用来情侣吵架效率最低的语言。', '始于四月，终于四月。再也没有你的春天', '没有你的四月就要来惹', '这波爆炸屁什么水平？', '前方核能！那些笑的满地找头的沙雕名场面！', 'ʰᵃⁿᵍ ᵒᵘᵗ ʷⁱᵗʰ ᵐᵉ', '（超震撼亿万特效向！）你从未看过的史诗级猫和老鼠鬼畜配音之请保持安♂静', '四月即将来临，爱我的人却已离开。', '【10月】四月是你的谎言 01', '警察蜀黍：道具好不好看？', '【第二期】60分钟带你看完《麦克斯奥特曼》（上集）', '一人之下老天师，不拔一毛，不取一毫。', '问谁能逃过大叔的毒奶，盘点秦时天行中被大叔毒奶的宝宝', '什么叫童言无忌？哈哈哈', '你的甲方', '金箍棒变人和银角大王结婚？连孩子都有了？？？', '竞  标  开  始']",100000406,78,0,0,2,0,0,8
迷你世界：各种花式坐骑你挑花眼了没？,2020-03-28 18:42:03,"['迷你世界', '沙盒游戏', '游戏', '手机游戏', '手机游戏', '手游', '沙盒生存类', '坐骑']",,"['迷你世界：带熔岩蛋坐火箭去外太空孵化，会发生什么？', '迷你世界：学会高级电梯自动门教学，电梯也就那回事', '迷你世界175：终于拥有新坐骑化石龙了，小叶也是有3个坐骑的人', '迷你世界新皮肤华乐', '迷你世界：当石矛加上炸弹，会发生怎样的威力呢？', '迷你世界：这个小房间太神奇了，集齐了所有的二级坐骑', '迷你世界192：我从高空跳下，熔岩披风失效，我直接摔死！', '迷你世界：萌眼星制作传送门教学，不用火箭一秒回到地球！', '迷你世界娱乐：神秘坐骑1000血火麒麟，1000迷你币都买不到', '迷你世界149：小叶子攒够300个碎片，成功解锁了第1个坐骑', '迷你世界：深洞历险遇到奇奇怪怪的怪物，直接被送回家', '迷你世界：给你家装个半扇门，才有独特的风格', '迷你世界：大战600个光头强和李老板，但这武器也太危险了吧', '迷你世界：分享地图让大家体验三只即将上架的坐轿坐骑，古香古色', '迷你世界黑科技教学', '迷你世界：召唤飞艇大作战，来保卫自己的基地', '迷你世界：萌眼星人入侵天天村，村民只要在户外睁开眼睛就会被抓', '核  平  精  英', '迷你世界：各种水中潜艇，玩的小丹都不知道到哪里去了', '迷你世界：电梯矿车，不会做电梯我们可以用这个办法代替']",100000413,99,0,5,0,0,0,3,"['100个粉丝怎么做到的？', '。。。。。玩迷你，你没救了up主']"
【闪耀暖暖】忆海颠峰之战3：夜色临界-追寻月光的舞步,2020-03-28 20:27:59,"['闪耀暖暖', '游戏', '手机游戏', '手机游戏', '暖暖', '墨丘利', '莉莉斯']",新一期的忆海活动，这次的衣服有点像校服，但是如果莉莉斯穿就没有这种感觉了……感觉这张卡的墨总要是深情一点就没有违和感了。,"['暖暖全新生日单曲《许个愿吧》', '【闪耀暖暖生贺手书】给温柔又坚强的你', '【预告】#雪原长歌# 霜与剑之诗 光与晓之歌', '【暖暖/生贺】说好的再战五百年，少一年，少一月，少一天……都不算', '【游戏杂谈】我们为什么喜欢叠纸游戏？', '【生日祝贺】8年了，用彩色沙子看暖暖', '男版暖暖？！温柔男妈妈翻唱《许个愿吧》/暖暖生日快乐！【么羊】', '【暖暖/生贺pv】催泪警告！感谢你曾陪我走过岁月，只愿你我归于初见', '【闪耀暖暖】史上最良心的活动！珍惜现在的叠吧！以后就没了。。。', '【闪耀暖暖】时空回廊上新，冰风战歌3D化', '【闪耀暖暖/暖暖环游世界】爆肝自制完整版三分钟暖暖全新生日单曲《许个愿吧》MV', '◆你是最璀璨的星光，照亮了我的前路◆暖暖生日快乐！【PV付】', '叠纸，你怕了？', '【闪耀暖暖•混剪】原曲变声版《许个愿望吧》我怀疑我在养儿子', '爆！全网首发苏暖暖最新单曲《许个愿吧》完整版流出，每天一遍，快乐无限！', '【闪耀暖暖/贺生】你是我们的宝藏—暖暖，生日快乐！', '你从未有过的丝滑体验，暖暖混剪《许个愿吧》', '【闪耀暖暖】此刻朵朵甜唱歌完整版', '挑战B站最丝滑暖暖剪辑！！！', '如果初心就是赚钱，你还能拿什么指责我【手游文化馆39】']",100000416,23,0,0,0,0,0,0
"【Eat with Boki】在便利店吃东西!炒鸡,牛肉汤火三角紫菜包饭炭火碗面后朗克蜂蜜三明治组合",2020-03-29 22:36:57,"['美食', '美食', '美食测评', '美食圈', '咀嚼音', '耳机', '口腔音', 'ASRM', 'EATINGSOUND']","https://www.youtube.com/watch?v=beZrxBOOWtc&t=31s
문복희 Eat with Boki
268万位订阅者
SUB)편의점 음식 먹방 ! 불닭볶음면 육개장컵라면 삼각김밥 숯불후랑크 샌드위치 꿀조합 Flex하기✨ convenience store food mukbang ASMR
4,144,341次观看•2020年3月15日","['【Eat with boki中字】 烤肉鸡肉牛排三明治+培根鸡肉卷', '【Eat with boki中字】 便利店美食吃播', '韩国文福姬小姐姐吃播的热狗棒放题Eat with Boki', '【Eat with boki中字】 辣炒年糕芝士猪排+猪肉煎饺紫菜包饭', '【Eat with Boki】帝王蟹', '【Eat with boki中字】 虾仁披萨+烤肉奶油意面', '【Eat with boki】 吃大龙虾', '韩国美女吃播文福姬小姐姐世界上最辣的丝雨泡菜吃播的香肠和白米饭吃播Eat with Boki', '【中字】『BOKI-校村炸鸡（蜂蜜组合）+奶油培根火鸡面：吃播（real sound）』-油管Eat with BOKI', '【Eat with Boki】辣牛肉汤刀切面 荞麦煎饼', '◕ 吃播剪说话 Eat with boki ◕ 便利店食物大合集~咀嚼音食音吃饭', '【Eat with boki中字】 章鱼扇贝海鲜拉面拌饭', '【Kim&Liz】吃播 德芙巧克力冰激凌', '【Eat with boki】 辣火鸡面+热狗棒', 'SIO吃播—麻辣芥末面条  烤饺子  吃的声音', '【韩国吃播boki】一口一个大鸡腿，五口就五个。', '【BoKi小姐姐】外景美食店——炖排骨➕炒饭', '【韩国吃播boki】今天小姐姐不吃播了，来看看到底是什么原因？', '小狗狗吃东西的声音 双声道体音', '【Eat with Boki】辣味拉面加上炸鸡盖饭']",100000421,1197,1,5,11,3,1,25,"['[热词系列_我裂开了]', '开头就看得很有胃口  大晚上的我好难啊[2233娘_郁闷]', '一口一桶面哈哈哈哈哈哈哈哈', '滴']"
我在MC奏爱河（惊）,2020-03-28 18:49:50,"['我的世界', '单机游戏', '游戏', '单机游戏', '娱乐', 'MC', '单机联机', '全能打卡挑战']","服务器群号呀：771922294
多模组休闲服：维克呀，意志坚定啦，潘马斯啦，很多啦","['【我的世界】我用代码把小学生的恋房崩了？！太爽了！', '【我的世界】宿舍五人欢乐联机  回归MC最质朴的快乐', '影   流   之   主', '【树叶】苏 卡 不 列', '用克苏鲁的方式打开猫和老鼠（第一期）', '建议改成:战 墙 聊 天 室', '激     河', '网吧被ban，救救孩子！2000元成本组装自己的第一台电脑', 'MC枪乐impressive（第一次）', '【布鲁】在Minecraft里当个土皇帝#7 l 废除农业!!发展捕鱼业!', '我的世界MOD的魅力：飞', '我的世界直升机mod&bc的一小部分载具展示(mcheli)', 'MC--凋零，时代变啦！', '什么？对线又被克制了？国一孙策教你纯输出团队型打法（十三）', '【mc#scp】V3版本模组更新啦！V3版本模组试玩', '被天使毁过的嗓音【虎牙澈澈】', '在MC中带鸡演奏《爱河》', '激  光  雨 》》》', '[虎牙澈澈]追激者(开口跪,慎入)', '王者荣耀:这就是圣墟枪']",100000424,45,0,0,0,2,1,6
像素画,2020-03-28 19:03:50,"['绘画', '生活', '日常', '自制', '像素画']",-,['和我一起画画吧！'],100000428,12,1,2,0,0,0,3,['这里好惨淡啊[tv_呆]']
【奥拉星】哈迪斯打法,2020-03-28 18:46:29,"['奥拉星', '游戏', '网络游戏', '网络游戏']",BGM【K2 SOUND】【幽閉サテライト】,"['【奥拉星】貘老爷打法', '当你在看烂苹果时+用图片查看器播Bad Apple', '【奥拉星】王者天使王打法', '水视频2', '【辉夜•奥拉vlog】星辉哈迪斯贫民攻略', '乖乖站好 源 攻略', '【奥拉星】智慧王打法', '[奥拉星]星辉哈迪斯全程打法', '【小庆】视觉盛宴*高伤害精灵集锦！*最强输出精灵', '星辉时代·黄金圣天伊：我终于比羲和强啦。卡奥斯：你就是个弟弟', '【奥拉星页游】伊乐娘暴打星辉哈迪斯！伊乐：老娘可是超光系最强（滑稽）', '[奥拉星]超维智慧王打法', '【奥拉星】伊邪那氏·那美x那岐打法', '【画舫】有没有大佬来解释一下？（奥拉星boss攻略）', '奥拉星卖号最低200元，充了至少一千多了，想要的找我（不分期付款）', '奥拉星【情怀，怀旧向】这里是否有你的回忆（风暴星系&火系篇）', '[奥拉星]回归会.·天命老爷与天道无极·阴x阳打法', '奥拉星卖号', '新星：国产页游的巅峰特效——奥拉星星辉特效的高燃剪辑！极致踩点！被游戏耽误的动画公司？快来康康~~', '又被第一真祖黑翼斩杀啦？132麻麻帮你解决烦恼。小璃第一真祖消耗流打法。']",100000431,73,0,3,0,2,1,4,"['丑死了[无语]', '[大哭]']"
香辣南瓜,2020-03-28 18:38:06,"['美食侦探', '美食', '美食', '美食侦探', '美食圈', '美食视频', '美食制作', '南瓜']",-,"['香辣好吃的南瓜', '橙红色的天际', '奶茶煮呀煮', '五彩豆腐羹', '珍珠糯米丸子', '海南日落', '带美女去寿司店豪吃一顿！要花多少钱？差一点没钱买单！', '北京最豪横美式烤肉，创始人是美国十大烤肉家族之一！', '海南日落余晖 五彩斑斓', '花2000元乘坐全亚洲最大的航空公司商务舱！会是怎样的体验？竟有专人服务！', '外国小伙士气满满挑战柳州最正宗螺狮粉，不料距离店铺100米就已被臭晕', '他说：“这是拿生命做糕，如果能回初中，我一定好好念书！”', '没有老友在南宁，我还要去吃老友粉吗？', '西安搅团王者，嫌人工太累自己研制机器获专利，有两家店5个摊位', '山东大叔特制桶炉，卖冰糖葫芦，3元一串，5元2串，要熬10分钟', '超级随手双皮奶', '厦门生意火爆的港式茶点，人吃饱，经费在燃烧，一份虾饺皇都是28元。', '【犬夜叉】探店vlog 上海犬夜叉主题餐厅 这么可爱的云母蛋糕你舍得吃吗', '盖帽豆腐', '糯米蛋蛋']",100000438,7,0,0,0,0,0,0
【CM】打击技的天才——美肘孕妇卡修斯奥诺（克里斯英雄）肘击集锦,2020-03-28 13:47:45,"['生活', '运动', 'WWE', '卡修斯奥诺', '克里斯英雄', '美摔最强肘击', 'NXT', '英雄哥']",油管,"['【CM】基斯李（keith Lee）手刀合集', '【CM】美摔最强肘击——卡修斯奥诺（克里斯英雄）招式盘点', '【CM】苦情之才——克里斯英雄（卡修斯奥诺）招式盘点', '【CM】PWG经典比赛剪辑——克里斯英雄（卡修斯奥诺）VS兽神莱卡', '【WWN】Supershow2016：“英雄哥”Chris Hero vs. Zack Sabre Jr', '【摔角招式】英雄哥肘击集锦（ROH/FCW及其他独盟时期）', '全美第一肘击Chris Hero的肘击集锦', '美摔第一打击Top 65 Moves of Chris Hero', '【NJPW x RPW】2016.11.12：“日摔第一肘”柴田胜赖 vs. “美摔第一肘”卡修斯奥赫诺（ Chris Hero）', '【CM】谁是飞冲肩女王?', '【CM】WWE最骚的男人——未来可期的NXT巨星天鹅绒之梦招式盘点', '【CM】严重低估的超新星——里奥.拉什（lio nash）招式盘点', '【UFC】“世界最强”CM朋克UFC首秀，当年的400多天wwe冠军，如今…………', 'WWE  NXT  Damian Priest 入场视频音乐', '【选手反应】WWE摔角选手们评选TOP10的SMACKDOWN片段', '【摔角招式】英雄哥回旋踢集锦 Kassius Ohno - Cyclone Kick', ""WWE NXT- Space Breezango 入场视频音乐  'Magic Mojo'"", 'GTS创始人伊丹英雄NXT使用GTS集锦', '【WWE】Eminem · Kassius Ohno 出场曲混音', '【CM】细数WWE中六个弹开 Tyler diver-97的超级明星']",100000449,1235,2,22,7,2,4,20,"['虽然胖了 但现在的ohno还是以前的chris hero 还是这么优秀', '这怀孕了那么久咋还没生啊[吃瓜][doge][doge][doge][妙啊][妙啊][妙啊]……', '肘击的音效是怎么发出来的。', '他为啥变这么胖？', '他为啥能打这么响，没见他拍腿啊']"
可爱聪明小鹦鹉,2020-03-28 18:41:22,"['鹦鹉', '萌宠', '生活', '动物圈', '自然', '动物圈', '萌宠vlog', '宠物']",微信,"['谁说玄凤不会说话的？天天沉迷念佛的小鸟你见过没', '【虎皮鹦鹉】震惊!这只小蓝鹦鹉竟然会说话～', '青蛇救下受伤的神龙，神龙为了报恩，把龙心给了青蛇', '又到了万物复苏的季节', '在红海遇到一条皇后神仙', '昨天北京的风到底有多大！', '【猫狗大战】盘点那些猫完胜狗的片段。', '中字：韩国吃播兴森，半夜偷吃炸鸡，结果被妈妈发现了', '用【武林外传】的方式打开淡黄的长裙', '粘人的花枝鼠妹妹', '勇敢者游戏 高燃混剪 再战癫疯', '国斗刺鳅吃红虫，小鱼儿们纷纷出镜！', '飘 飘 欲 仙 ~', '【黄冈】高中物理必修2（已排序）', '无过滤能养好鱼？', '新买来十只可爱的喷火灯', '孩子喝橙汁发现杯里有异响发现竟有九颗螺丝钉！ 妈妈看后吓得往医院跑', '要搬办公室了，虾和鱼都送同事，临走之前清理下黑壳虾的小窝，粗略一数得有七八十至少。。。', '新入坑一只漂亮的将军斗鱼！', '印度网红探访孟买中餐馆，直呼这是当地最好吃的中餐']",100000456,33,0,3,1,0,1,4,"['av100000456', '考古[doge][吃瓜]']"
经理相亲遇二婚女，对她挖苦讽刺，结局令人拍手称快,2020-03-28 20:27:58,"['短片', '影视', '短片', '自制', '原创', '情感', '家庭', '婚姻', '相亲']",男子相亲二婚女，对其言语羞辱，结局实在解气,"['《幸福三重奏》幸福嗑糖研究所', '短剧：女友嫌小伙没本事，婚前怒提分手，6年后再见结局惊喜', '相亲系列（二）经理相亲，嘲笑女方寒酸，女子放狠话让你后悔', '柴米油盐抵不过露水红颜！以貌取人最终只会让你后悔遗憾。（地狱少女小姐姐有史以来出镜最多的视频出现啦）', '农村大妈捡弃婴，20年后为争谁是亲生儿大打出手，结局让人感动', '短剧：母亲捡垃圾接连5天捡到钱，好奇躲起来，看到丢钱人感动了', '男子带女友回家，没想女友竟是“有夫之妇”，结局母亲却笑了', '相亲系列（三）经理嘲笑相亲女，岂料报应来的太快', '丈夫每天下班很晚才回家，妻子怀疑，偷偷跟踪丈夫后却感动了', '妻子每次叫丈夫回娘家，丈夫就装病，妻子半路返回家感动了', '三@下【尝试相亲】38岁离婚', '有多少人，为了老婆和孩子，活成了自己不喜欢的模样', '那个嫁给爱情的同学，后悔了！', '短剧：妹妹不听哥哥的话嫁给恶霸被哥哥嘲笑，得知真相哥哥后悔了', '妻子每天老早下地，丈夫怀疑偷偷跟踪她，看到眼前场景站住了', '六旬大妈迷恋小鲜肉抛夫弃子，是不守妇道还是缺乏关爱？', '和谁结婚，是命中注定吗？', '用女人的方式和女人吵架', '父亲逼儿子儿媳出去打工，儿子起疑故意拖延，没想背后另有隐情', '我的美国老公疯了，非要我学会开枪....', '农村小伙带女友回家，残疾母亲却怕女友嫌弃离家出走，结局感人']",100000461,7,0,0,0,0,0,0
抽二十五的射门点数终于攒到7个进球了,2020-03-28 18:40:20,"['足球', '游戏', '手机游戏', '手机游戏', 'FIFA足球世界']",-,"['贝尔100啦', '灵魂跳水队，后继有人了……', 'MC 致敬黑曼巴  科比', '不氪金FIFA玩家欧冠激战花300射门点数第五抽......106jia会出谁？？？？！', '《少年》致C罗 超燃混剪-我还是曾经那个踢球的少年', '再现煤球王经典进球，只可惜，是我队伍里的11号', '《FIFA足球世界》机器人蛊惑行为', '【小苦】进来吸欧！精选梅西！又是一发入魂！小苦欧皇！', '欧啦！！', 'FIFA足球世界  偷渡成功', 'fifa足球世界300射门币开包', 'FIFA足球：非酋开包#足球##足球游', '【ffw goal】菲戈：阿利森（松）你绊我也没用球也进了', 'FIFA足球世界 欧了欧了', 'C罗：我本红魔，只是归家', 'fifa足球世界：全网最黑传奇交换！哭了', 'FIFA传奇开包尝试漂白后偷渡……', 'FIFA足球世界神秘宝箱，C罗，费迪南德。', '【FIFA足球世界】6阶瓦刀上7!', '【FIFA足球世界】惊了，欧冠卡包这爆率。。。。']",100000470,126,0,4,0,0,0,1,['抽25能有7个？！[酸了]']
哥哥，怎么能吃陌生人给的糖呢？,2020-03-28 18:56:05,"['生活', '其他', '帅哥', '哥哥', '抖音', 'tiktok', '土味']","tiktok
BGM：除了春天爱情和樱花（IU）","['【身边的素人帅哥】阿伟死了一眼万年的帅哥们', '【鸡笼警告】看看谁又可以了？', '一个抖音上的dd', 'payton短合集', '抖音上很好听的一首韩文歌 无限循环10遍', '英国直男能不能认出B站女装大佬？看完后怀疑人生【陈瀚Siri】', '大悲咒 (高音质悦耳版) (珍藏精选版)', '邻    里    和    睦', '文 化 入 侵', '在苹果店喊一声“嘿，siri”', '抖音人做的HRHR很快乐', '感觉就像做梦一样-周某', '逐渐沙雕…', '帅哥的翻唱，也不... 不过如此', '英文版太好笑了吧，这还是我看过的西游记吗', '当代达芬奇！', '男人最真实的一面', 'B站最神秘的4个用户', '如何制作一个水印', '妈妈接受了我的女友 从被出柜到妈妈拉我柜门/变性?家暴! 12年出柜经历']",100000492,648,0,17,3,2,1,11,"['希望这个视频不要引出来一大堆连高精的本质内含都不知道的迫真“猎奇”爱好者。', '先声明一下，相信大部分人都是因为这个特殊的av号找过来的，先恭喜一下此UP，在乱序av号里还能被抽中成为幸运者\n但是还得说一下重要的几点：\n1.禁止发生类似av88888888的轰炸事件，顺从UP主的意愿\n2.禁止小鬼去乱刷那五个数字，尤其是弹幕\n3.评论区尽量少出现“多打几个0”“少打几个0”，原因可参见av100492\n欢迎留言补充', '1492：好听的东方曲pv\n104⑨2：关于创价协会的福利.....\n100492：牛头人之类的游戏\n1000492：自制炮姐mv\n10000492: 游戏《战地1》实况\n100000492：抖音转载视频\n[doge]非小鬼', '直球辱骂不可取，小鬼行为更不可取', '右事被诶微号迫[热词系列_害]的视频']"
触漫P图教程,2020-03-28 20:08:03,"['生活', '日常', 'P图', '美图', '触漫']",-,"['【线描、森系】零基础攻克ps绘画操作技巧', '【凹凸世界MMD】柠凯瑞金四人-KING-(客官生贺)', '【凹凸世界/瑞金】金的心意便当', '【触漫封面】Q版教程', '如何把一个触漫人物p成一个丧系的壁纸呢', '触漫唯美p图教程', '触漫', '用触漫人物P图', '触漫p图过程', '当触漫小学生盯上了V家', '一个很水的触漫修图', '触漫p图', '触漫 小清新系列壁纸', '【教程】什么？手机也能p图？', '触漫日常修图内涵翻车警告', 'HiM的一生', '伪装学渣 触漫p图 剪映mv', '【凹凸世界】都说了我没怀孕啊！！！！！', '触漫P图教程', '【p图】触漫人物p图教程', '抖音已黑化的触漫大佬']",100000494,294,0,1,4,0,3,7,['这不是P图而且发触漫懂？']
文明时代2大唐雄风,2020-03-28 19:43:02,"['游戏', '单机游戏', '新人', '文明时代', '唐朝']",-,"['【史图馆】四分钟看完人类文明发展史 亚非欧', '最良心文明时代2bug   作弊码   方法介绍', '文明时代2：我大唐去哪了????', '文明时代2  唐朝  唐玄宗', '【文明时代2】虚无mod————乱世大唐！', '『架空』文明时代2 大唐由盛转衰', '《文明时代2手机版》史诗级战略游戏登录安卓平台！', '〖文明时代2/声之〗文2中那些激动人心的时刻合集', '〖文明时代2/声之〗你可能不知道的叛军妙用', '文明时代2  大唐中兴！', '文明时代2－唐朝', '当唐朝穿越到南宋会发生什么【文明时代2】', '文明时代2：大唐帝国的统一', '文明时代2：大唐再次南征，一统印度', '文明时代2虚无 公元960年，宋朝成立（划掉），唐朝统一中国', '文明时代2虚无，今天是美国核平的一天', '文明时代2虚无 盛唐', '文明时代2：秦朝一通天下', '文明时代2 大唐末年五代十国...？？？末个屁！', '【文明时代二】西北有孤忠——归义军复兴大唐！']",100000496,218,0,6,3,1,0,13,"['厌战度感人', '[doge]我来了', 'up主视频做的不错哦，给你点赞啦，互相支持一下吧BV1F5411r7BA', '第一']"
【Hey! Sαy! JUMP】Itajan 20200328 再挑戰！漢字檢測2級！,2020-03-28 20:47:55,"['薮宏太', '高木雄也', '八乙女光', '知念侑李', '伊野尾慧', '娱乐', '明星', '明星', '山田涼介', '有岡大貴', '岡本圭人', '中島裕翔', 'Hey! Sαy! JUMP']","いたジャン
各種小劇場太可愛了哈哈哈哈哈！","['【BEST_5】 20200330 杰尼斯世界  Happy LIVE with YOU-JUMP cut', '【Hey! Sαy! JUMP】攻頂HighJUMP 20190921 漢字檢測3級 & 猜不同', '【HSJ字幕组】Hey! Say! JUMP 20200404 攻顶 学霸组VS超级天才VS学渣三人 准一级汉字会及格吗？', '【HSJ字幕组】Hey! Say! JUMP 20200328 攻顶 二兄养七弟 学霸的反击', '【320℃】20200319 Ultra JUMP', '【Hey! Say! JUMP】HSJ字幕组 20200321 攻顶 逃脱危机 第三弹！后半战！', '【HSJ字幕组】鬼牌VS JUMP', '【320℃】~Hey! Say! JUMP的聚餐~', '【Hey! Sαy! JUMP】上を向いて歩こう！', '【Hey! Say! JUMP】HSJ字幕组 20200314 攻顶 逃脱危机 第三弹！真正的前辈来了？！', '【BEST_5】20200321 攻顶HIGH JUMP', '【BEST_5】 20200328 攻顶 HIGH JUMP', '【Hey! Say! JUMP】HSJ字幕组 20200307 攻顶 逃脱危机！成年人能力测试！', '【320℃】20200305 Ultra JUMP', '【Hey! Say! JUMP】[HSJ字幕组] 20200208 いただきハイジャンプ 攻顶 全员企划', '【慧宝】国内首个内置伊野尾慧语音包的人工智能', '【OMURICE】全聚德的一次愉快聚会（中字）', '攻顶jump--吉本之花山田凉介cut（更新至第四弹）', 'chuchu   32CUT', '【山知甜念】 Muah Muah']",100000506,1154,11,2,24,4,1,47,"['抱抱我家炸毛宝宝[捂眼][捂眼]', '大学不白读，哈哈哈']"
从健康节目里学的一道菜洋葱炒虾米，营养升级翻倍，春日美食家,2020-03-28 18:42:45,"['家常菜', '美食', '美食', '美食制作', '花样美食挑战', '制作教程', '美食制作', '美食圈', '洋葱', '美食视频', '美食vlog', '洋葱炒虾米', '虾米']",食材：洋葱和虾米,"['洋葱和它才是天生一对，这样做好吃营养更养人，让你越吃越健康', '一颗洋葱就能惊艳全场，你信么！', '1个洋葱，2个鸡蛋，不炒不炖不油炸，简单一做，比大鱼大肉还香！', '简直不要太好吃，家庭版的香辣土豆片，成本只要6元，百吃不厌的下饭神器', '大厨教你做一道丝瓜炒虾米的做法，丝瓜翠绿不变黑，汤汁也好吃', '一颗洋葱就是一盘菜，配上它，养颜清脂抗衰老！', '这才是大虾最好吃的做法，自从学会了我家一周吃5次，比饭店的香【姜葱炒虾-震倒楼】', '【上班族的便当】-虾仁西蓝花，西蓝花这么吃无敌了！', '大厨教你做虾米炒萝卜丝，鲜香可口，好吃又补钙，做法还简单', '洋葱虾', '烧烤味的洋葱炒虾', '4 种方式切洋葱，眼泪不会再汹涌', '简单快捷便当做法，洋葱炒大虾是首选，色香味全有同事看了会馋哭', '虾米饼-剩米饭也能有春天', '【M】【素颜吃播】香喷喷洋葱炒虾，配生菜包粉条。尝试淑女的一期。', '牛肉这样吃真过瘾，一次做一大盆，孩子也喜欢', '【印度五爷】香喷喷的炸虾搭配洋葱翻炒后香甜可口', '农村这种野货这么炒最好做下酒菜', '""护照""议题？解放军说了“我国台湾地区”，台湾妹子支持统一期待红本本', '大厨教你炝炒包菜的家常做法，简单美味，脆嫩可口，上桌就扫光']",100000508,91,0,0,2,2,0,4
02磨皮软件的用法和圆脸方脸胖脸的修饰方法和注意点  第五节,2020-03-28 21:18:27,"['PS教程', '生活', '日常', '职场加油站', '学习', '修图', '后期教程', '后期修图', '人像修图', '修图教程']",,"['200W播放的搞笑PS教学！分分钟入门上手！', '快速有效的人像精修磨皮法', '「PS教程」人像后期——嘴部处理', '飞思软件中文版Capture One使用教程', '【摄影教程】PS后期最强软件DR4.5教程DR4磨皮插件升级版', '如何制作一个水印', 'PS磨皮软件的用法和圆脸方脸胖脸的修饰方法和注意点  第八节', '02磨皮软件的用法和圆脸方脸胖脸的修饰方法和注意点  第三节', '【中字】时尚修图 教你如何快速修饰人像脸部', '02磨皮软件的用法和圆脸方脸胖脸的修饰方法和注意点  第七节', '【PS教学简单哥教学视频】给照片添加下雪效果的动态效果，分分钟让照片变得唯美起来！（有字幕奥）', 'PS教程：教你用PS制作时尚比基尼调色案效果', '02磨皮软件的用法和圆脸方脸胖脸的修饰方法和注意点  第四节', '「小栗的拍照日常」教你如何在生活中不起眼的地方拍出好看的照片～再也不怕拍照不好看啦', '最新PS磨皮插件一键磨皮使用教程', '02磨皮软件的用法和圆脸方脸胖脸的修饰方法和注意点  第八节', '【一看就会的人像精修】脸到用时方恨丑，P过之后啥都有……', '02磨皮软件的用法和圆脸方脸胖脸的修饰方法和注意点  第七节', 'PS修图高级教程——人物瘦身及塑造玲珑身材 第三节']",100000514,36,0,1,1,0,0,0,['1e+514，噔噔咚']
【生肉】在房间里露营怎么样 第1集,2020-03-28 21:25:37,"['MAD', '动画', 'MAD·AMV', 'MAD.AMV', '动漫', '治愈向', '搖曳露營△']","「山梨县的邮票集会 第一晩」

""へやキャン△どうでしょう「山梨激走・スタンプラリー完全制覇の旅 第一夜""
我从Nico Nico Douga撤离了。","['妈妈会唱《未闻花名》是什么样的体验？？？？？？？？？？？？？？？？？？？？？？？？？？？？？？？？？', '【进撃の巨人】我们可以死，但一定不能输！！', '优 质 Omega', '请问UP主，这是什么动画？【阅片无数01】', '摇曳露营△特別企划–花守由美里 第一次的露营入门 01【DHR百合組】', '【720P】摇曳百合 夏日时光+暑假时光合集【K-sub】', '请问UP主，这是什么动画难度加强版！【阅片无数02】', '【SCP基金会|3549手书】话唠面具和小疫医纯甜饼(●°u°●) 」', '『室内露营△』主題歌「The Sunshower」／亜咲花', '【高燃/踩点】前方高燃!享受刀与剑的视觉盛宴', '【个人字幕】DGS第676话 「水曜どうでしょう」嘉宾回 后篇', '北海道旅行指南 1周只花3.5k块', '【生肉】摇曳露营△道具介绍\u3000志摩リン編\u3000＃1', '【摇曳露营△】【中日双语字幕】OST附赠小剧场 第1集', '[MAD/AMV 治愈] 我记得你的名字，却听不到你的声音~', '【个人字幕】DGS第675话 「水曜どうでしょう」嘉宾回 前篇', '《 海 王 》', '【5月/樱井孝宏/OVA】房间露营△新作 特别篇 PV【MCE汉化组】', '【FLASH】《FADING》大一flash作业', '【处处吻】 愣着干嘛 进来认领老婆啊', '《屌丝男士》大鹏乔杉 大保健历险记']",100000519,564,0,2,3,2,1,7,"['up主做得很不错了，二连了，没硬币很抱歉，相互支持一下吧BV1D64y1M7H3，点关注了，互粉吗？', 'up加油！二连了！视频做的很棒[热词系列_吹爆] [热词系列_三连][打call][打call][打call]制作不易，可以来看看我的拙作吗BV137411C7o1（在我的评论区留下你的足迹吧）[doge][doge][doge]']"
NBA2K20之街头篮球第二期,2020-03-28 21:12:00,"['NBA2K', '单机游戏', '游戏', '单机游戏', '单机联机']",求三连！求关注！,"['NBA2K20之街头篮球第一期', '赏心悦目的一场街头篮球（2k20）', 'NBA2k街头篮球', '【中英双语】Minecraft将进行“矿洞”更新？', '粉丝发给我一个网站，我不相信这真能免费领玛莎拉蒂', 'NBA2K20之挑战传奇小前锋第四期', 'NBA2K20之挑战传奇小前锋第五期', '【元歌VS元歌】我杀我自己？不！是你杀你自己？！', '国产CPU战平i5-7400？兆芯KX-U6780A首发评测!中国芯崛起！', '歇后语战争！路人遭殃！', '【余小C】读粉丝离谱ID  直播间都快没了 最后都急了！这人还要一直送送送...', '神界原罪2最高难度荣誉模式38分钟速通【进阶版】', '【RD】当我用全青铜阵容出战,而匹配到了粉钻字母哥对手的时候..一场残酷的杀戮开始了...', '这！就是灌篮 NCAA球员Adragon周楷恒2019全场比赛集锦！', '【羽球思密达】羽球VS棒球 羽毛球不愧是球类速度之王！']",100000521,30,2,2,2,2,0,3,['白嫖不是好人哦']
无解得马克笔上色,2020-03-28 18:55:57,"['手绘', '绘画', '生活', '绘画', '马克笔', '绘画过程', '上色', '景观设计', '手绘视频']",微信交流18763821535,"['没有人比我更懂绘画！什么叫绘画大触！', '【马克笔上色分享】这次单画一个头发～', '马克笔如何画一个美女【原创】', '马克笔手绘苏州平江路', '看完这个视频，你还敢说自己会透视么？【合尚教育】', '在卫生纸上画99位《王者荣耀》英雄  | 创意手绘 | · 七', '马克笔建筑手绘', '牛逼哄哄的马克笔建筑手绘，教你怎样上色~', '新手入坑必看！画漫画到底该用什么工具？', '【景观平面】超简单的植物平面图例上色（第58期）', '景观线稿上色示范', '【马克笔手绘】室内手绘马克笔上色06[正常速度+讲解]', '【马克笔】用马克笔完成一张蝴蝶忍', '【马克笔手绘】——景观水体上色', '产品设计手绘马克笔上色', '网友想看马克笔木纹表现技法！今天他来了。', '【马克笔】可可萝酱', '我画我自己画我自己', '[景观手绘]马克笔上色技法（中篇）马克笔就是应该这样玩！关注@景观设计站  公主号', '景观单体植物线稿+上色', '这个场景大家还熟悉吗']",100000527,265,0,3,7,2,0,7,"['怎么说呢，我感觉超厉害的[鼓掌][鼓掌]', '啊好强啊']"
《当你老了》莫文蔚-费玉清,2020-03-28 19:39:24,"['莫文蔚', '费玉清', '音乐', '音乐现场', '音乐现场', '全民音乐UP主', '当你老了']",,"['让你笑到岔气！那些中文十级翻译的英文歌', '莫文蔚的当你老了', '莫文蔚&费玉清 合唱 《当你老了》', '莫文蔚和小哥(费玉清)合唱《当你老了》，众多明星听的如痴如醉。', '【姚贝娜】[2014央视春晚]歌曲《天耀中华》 [超清1080p]', '当你老了 央视春晚 现场版 莫文蔚', '【莫文蔚演唱会161008】与嘉宾费玉清合唱广岛之恋和当你老了', '费玉清独家前列腺保养秘方；看见刘嘉玲莫文蔚赵雅芝就发车', '最近很火的10首吹口哨歌曲！《杀死比尔》这段吹口哨最为经典！', '费玉清告别演唱会《原乡人》', '当他出场的时候，我就知道稳了', '当你老了费玉清', '莫文蔚与费玉清《当你老了》唱出了精髓 直逼江一燕的眼泪', '【720P】《中国好歌曲》暖心金曲赵照《当你老了》刘欢/周华健/蔡健雅/杨坤', '一听就会爱上的声音。却因吸烟太多给毒害了！！', '立陶宛跳高美女-青涩又英气的初恋脸', '原唱怎么唱都不火！翻唱开口瞬间走红，网友：给原唱留条活路吧', '费玉清模仿陈小云演唱《爱情恰恰》这也太搞笑了', '张碧晨：我是专业歌手，轻易不笑场！腾格尔：那是你没遇见我！', '今天来学唱一下杨千嬅小姐姐的《处处吻》 ，【黄龄】#浴室音乐会#时间！']",100000530,61,0,1,2,0,1,2,['这两位真的老了']
詹姆斯化身直播老铁聊疫期生活,2020-03-28 18:40:32,"['詹姆斯', 'NBA', '篮球', '体育', '生活', '运动', '勒布朗詹姆斯']",https://m.weibo.cn/6499653743/4487024209328856,"['【勒布朗詹姆斯/超燃】第一秒燃到最后一秒', '【中英文双字幕】勒布朗-詹姆斯首次直播', '我看到你还在奋力拼搏', 'Z哥 2020.04.18 直播录屏 PC版', '【芝士中字】库里《Stephen Vs The Game》终章', '柯凡首次直播回应录音门，詹姆斯球迷惹不得？', '詹姆斯直播全过程，太憨憨了。', '勒布朗詹姆斯因记者问白痴问题而发火', '【中字】老詹直播带货，这几双Air Max买它！买它！买它！', '全美最搞笑NBA记者 连续六年采访詹姆斯失败', '詹姆斯直播', '良心代言人 勒布朗直播秀詹姆斯15 （反正我也买不起）', 'Taco哥詹姆斯ins直播回顾，证明身体刚刚的！熟悉的表情包又重现', '儿子的这个回答，瓜哥心态崩了！老詹倒是乐疯了', '【布朗尼詹姆斯】有他爹内味儿了。', '性感模特公开挑逗约库里？NBA场边吸人眼球的美女球迷们！', '詹姆斯在家里开直播', '詹姆斯家中地下车库豪车 各种名鞋被熊孩子曝光！', '那么多年了，你真的一点没变–詹姆斯', '詹姆斯到哪都有人对暗号，太好玩了']",100000542,249,0,3,5,1,0,10,"['av100000542', '是tiktok吧', '多整点球星日常，三连大大的有']"
【华酱的口语练习存档004】coach shane's Daily English Dictation004,2020-03-28 19:44:43,"['英语口语', '生活', '其他', '加油2020-VLOG挑战', '学习', '生活', '生活记录']","个人练习英语口语存档，发音方面的问题欢迎大家指正～
coach shane’s Daily English Dictation 原链接BV1U7411a7xG
听我的，都去给shane老师捧场！
练习时间：20200328","['漂亮的发发', 'shane口语表达13-18//练习用', '170+集 牛津在线英语课程 Oxford online English 【英文cc字幕】', '不光传授了知识，还教会了生活', '演示‖医学微生物学‖山医基础医学院‖学习通', 'shane口语表达01-06//练习用', '『生活记录』让每个平凡的日子熠熠生辉。', 'wswDY', '高中学习该用哪些公众号？微信学习公众号推荐', 'shane口语表达19-24//练习用', '公园的鸭鸭！快乐嫖鸭鸭之公园', '【带画师】教你画头像', '200718mydy2.0', '我回中国的机票被取消了...', '【63集全】油管最好的 精听跟读 0基础英语训练story', '乳腺科男医学生 的日常 一', 'shane口语表达07-12//练习用', '【网盘化】20200717my//dayi', '微生物 考试原题？翻一翻医学微生物学习题册//学习vlog', '白俄罗斯表妹来中国小伙家做客，看看小伙请表妹吃什么中国美食？']",100000554,15,0,0,1,2,0,2
勇敢者游戏 高燃混剪 再战癫疯,2020-03-28 19:55:03,"['影视混剪', '影视', '影视剪辑', '电影剪辑', '剪辑', '电影', '影视剪影', '混剪', '勇敢者游戏']",勇敢者游戏 高燃混剪 再战癫疯,"['《夺冠》电影独家热播中！', '【混剪/高燃】请回答2008-2020', '这就是群星踩点的力量吗？？？', '励志混剪  送给即将考研的莘莘学子', '【高考励志燃向混剪】反正一无所有 何不拼一把 2021高考加油！', '【鹿晗×周迅】请把我忘记 | 无法再次拥抱你，只好心痛告别你', '这TM才是后宫佳丽三千！！混剪', '“前方高能，疯狂只是爱情的圆舞曲罢了！”', '卧槽！！这TM才是人间富贵花?！婊气冲天！', '“遗憾吗，我们就这样莫名其妙的谁也不喜欢谁了。”', '星之陨落，献给小天狼星【哈利波特】', '『第一眼就喜欢上的人 怎么甘心只做朋友』— 小妇人 °', '西装金毛 少女杀手丨信条Robert Pattinson混剪', '“不自律？那这气质和魅力你肯定学不来！”', '【国家宝藏第三季预热】富大龙角色混剪', '【2020年度混剪】魔幻现实主义之年', '我山海而来，点墨而去◆迪丽热巴舞武混剪‖极致踩点◆视听盛宴', '这才叫SuperHero⚠️【漫威高燃/衔接踩点】', '“我做了一个五千年的梦”', '【电影里的孤独】特供孤独的你。', '【小妇人】【Amy】做一个真诚坦荡的人']",100000556,29,0,0,0,0,0,0
成都特色美食“伤心凉粉”，辣得直流泪，调料渣渣都舍不得扔,2020-03-28 18:48:46,"['川菜', '小吃', '美食', '美食', '美食侦探', '成都', '凉粉', '成都美食', '伤心凉粉']",成都特色美食“伤心凉粉”，辣得直流泪，调料渣渣都舍不得扔,"['我这碗伤心凉粉不去开个店天理难容啊', '【小高姐】凉粉 透明且有韧性的凉粉做法', '“万能的调料汁”，教你最正宗的做法，拌啥都好吃，味道真的绝了', '炎炎夏日怎能错过一碗【伤心凉粉】！好吃到你落泪！', '这才是红薯凉粉最正宗的做法，劲道爽滑，保证不开裂，看完就会', '四川街头小吃，伤心凉粉，辣到想哭，5元一碗顾客爆满', '【外卖plus】全网最强一点点奶茶教程！外卖不配送，那就自己做吧！', '原来凉粉做法这么简单，掌握好水和淀粉的比例，做出来的凉粉Q弹爽滑', '【二更】成都伤心酸辣粉，吃完的人都留下了眼泪', '做好口水鸡，三步就搞定！', '自制5斤手工凉粉，超小厨做四川特辣“伤心凉粉”小米辣真安逸', '一碗「伤心凉粉」没被辣哭，也被好吃得感动到哭', '正宗的【伤心凉粉】，就该酝酿好伤心的情绪再来做！', '一碗伤心凉粉，好吃到泪如雨下', '超大份的“蒜蓉粉丝蒸扇贝”，用了足足一斤扇贝肉，这味道太绝了', '东北拉皮、伤心凉粉 面皮都用这款凉皮汁 6款常用料调出万能汁', '橡子凉粉，难得一见的山野美味', '［伤心凉粉］一吃到就泪目的凉粉，还不快来试试？', '进 口 猪 儿 虫', '老西安夏天最爱小吃，吃法讲究不能乱搅，芥末铺满碗吃的直流泪']",100000559,225,0,1,4,4,1,2,['流泪[怪我咯]']
NTT東日本「おまかせデータレスPC」突入篇＆次なる突入篇,2020-03-28 19:00:13,"['生活', '日常', '日本广告', 'かまいたち', '山内健司', '濱家隆一', 'NTT東日本', '鎌鼬']",https://www.youtube.com/watch?v=P-JiQXra4fY&list=PLwPOTZS6iKJy-FDWvusvqeoYR1KrCte65,"['[CM] 佐藤健  NTT東日本', '【記憶接龍】鐮鼬的記憶力對決！', '20200406 アッという間シアター ☆秒速エンタSHOW!鎌鼬cut', '20200428 教えてもらう前と後 鎌鼬cut', '20200326 人间观察 鎌鼬cut', 'NTT  广告 渡辺謙 本田圭佑 「Strong」篇', '【中字】pekopa修平与杰尼斯 设想一下杰尼斯の修平', '铁筋base 鎌鼬出演合集', '2019年第17-18周日本广告精选', '【Ai崩壊!】鐮鼬卡啦OK得分不到90不回家！（后編）', '【4431字幕组】奥黛丽 漫才「堵车」20121223 北野演芸館5', '[能年玲奈][NONKNOCK字幕组]『映画秘宝』復活動画!!!', '【中字】试着选出了M-1大奖赛 2019的5040组中的倒数第一名【后篇】', '【無伴奏卡啦OK】鐮鼬卡啦OK得分不到90不回家！（前編）', '【NISSAN】新型スカイラインx格付けチェック 鎌鼬', '20200503 ポケモンの家あつまる？鎌鼬cut', '【贤七】20170327 若林正恭、満島真之介【人力字幕组】', 'たけしのこれがホントのニッポン芸能史「ツッコミ」 20200321', '20200422 天才てれびくんhello, 鎌鼬cut', '20200823 エンタで24時間 鎌鼬cut【短剧 CD店】']",100000563,235,0,1,3,3,0,4,"['半泽的梗吗[笑哭]', '哇啊啊啊 是镰鼬的地上波广告？终于看到了 感谢up主[爱心][星星眼]']"
【参谋电影】《看不见的客人》谎言终究无法被填满，破绽会被放大直至真相暴露,2020-03-28 20:55:20,"['电影解说', '影评', '影视', '影视杂谈', '恐怖', '原创', '悬疑', '烧脑', '电影', '悬疑片', '速看电影', '看不见的客人']","《看不见的客人》是奥里奥尔·保罗执导，马里奥·卡萨斯、阿娜·瓦格纳、芭芭拉·蓝妮、何塞·卡罗纳多主演的悬疑电影。

该片讲述了企业家艾德里安在事业如日中天之时被卷入一桩谋杀案中，为了洗脱罪名，他请来了金牌女律师弗吉尼亚为自己辩护。

该片于2017年1月6日在西班牙上映；2017年9月15日中国大陆上映。","['《夺冠》电影独家热播中！', '都说不同智商，看完结局不一样，我这IQ够用么……《禁闭岛》全细节解读', '别因为烂名字错过一部好片，烧脑的黑客电影，剧情反转到怀疑人生', '【假装讲电影】亲闺女在父亲坟头蹦迪！关键父亲还没死透！', '【唐唐】最刺激的越狱 爆笑解说经典老片《亡命之计》', '推理过程渗人，结局石破天惊的硬核本格神作《解体诸因·迅速》深度解读', '少女画下四个自杀现场，最后也死在自己的油画里，结局让人意难平', '壁炉中发现被藏十年的女孩，引来令人绝望的复仇，反正我看哭了', '《捉迷藏》目睹母親殘死後，小女孩总说衣柜有人，爸爸以为她精神分裂，真相却并非如此！高分惊悚烧脑片，智商150才能猜到结局！', '豆瓣9.6分，排行榜第一的悬疑片，究竟讲了一个多牛的故事？', '日本棋王用真人下棋，每输一步，就会有一个人被杀死！', '少女被被喂兽药十多年，揭晓真相令人头皮发麻', '如果这部电影讲的只是爱情，我就不会看它十遍了！豆瓣8.6分', '国产悬疑佳作《心宅猎人》，冯小刚监制，号称民国版“盗梦空间”，越看越上头！', '【假装讲电影】骗子！说好的喜剧，让我哭崩了！竟是一部全程无反派的电影~', '《爵迹2：冷血狂宴》一部催吐神剧，郭敬明良心之作，毕竟催吐药12块你买不来', '【刘哔】搞笑吐槽《回到中国》，我翻开这部烂片全都是二鬼子对我们的恶意！', '她看到姐姐在下人面前衣冠不整，竟用谎言毁掉两人的人生！', '【阿成】真实事件改编，一群狗拯救一座城，看到最后绷不住了', '【虫哥】童年经典快节奏复仇武侠电影《六指琴魔》，这个女人简直秒天秒地~', '神脑洞科幻片，沙漠中出现神秘“镜子”，镜中是另一个世界']",100000568,29,0,0,1,0,0,5
低级失误门将,2020-03-28 18:37:44,"['游戏', '网络游戏', '网络游戏']",-,"['fifa', 'FIFA0616', '【糖豆人】无法届到的终点~A酱的一生之敌', '离谱！绿老师为了金币对雨辰大打出手！', '当（叙利亚少女）发动双马尾攻击', '【原神搬运】外网有趣集锦#43', '怀旧服NAXX   法师单刷，冰冻符文 3个区', '【屎O说】没有团本的网游，当然是缺少灵魂哒！', '钟离重做？小心陷阱 可能是画饼 别好了伤疤忘了疼 一张图片扭转风评？米哈游什么尿性都忘了吗', '俯瞰宇宙不过如此！魔兽世界中十大绝美风景！绝了！', '钟离重做先别信，可能是陷阱！为了最后冲业绩 我将带头冲锋！', 'CF：火线史上最被元首【痴迷】&最能“折腾”人的武器，你用过么？', '“武  器  之  亡”', '宝哥一开播！发现自己被免费荧光棒送进了年度！直接懵了！', '震惊！全网最详细搬砖装备攻略来啦！！！', '【熟肉第四季】如果生活就像AmongUs一样【CC双语字幕】If Everything Was Like Among Us 4', '超远距离射门', 'NMD，对不起哥，我对不起NM!', '坦克世界圣诞节官方强行修改内容，不要再被当猴耍了', 'DNF：国服12月10日活动教学！2分钟就玩完了。。。。']",100000569,13,0,0,0,0,0,0
《二十不惑》剧组 晓彤庚希趣味采访,2020-03-28 19:04:28,"['关晓彤', '影视', '影视剪辑', '剪辑', '二十不惑剧组', '李庚希']",-,"['《夺冠》电影独家热播中！', '李庚希 采访合辑 part 1', '李庚希你为什么怎么可爱鸭ớ ₃ờ', '【李庚希】15s心动镜头/元气少女的拍照日常', '《小欢喜》乔英子来了！成熟冷艳李庚希本人没错了', '二十不惑(又站错cp系列)‖不会吧不会吧不会只有我一个人嗑到了梁爽和段振宇吧', '【白宇】聊撩料，地铁发糖之后的bygg好甜呀，说到卜老师真是好欠揍啊', '【李庚希 采访】爱奇艺娱乐专访：在线支招英子心要达，东北话很亲切', '【李庚希】20岁生贺视频', '【李庚希 采访】 可爱泡泡冒出屏幕', '【李庚希】《二十不惑》李庚希“罗艳”cut合集', '【专访剧透】卜冠今：姜小果从头到尾都没谈恋爱【周总段振宇最少选一个吧！呜呜呜】【二十不惑】', '【一世庚希 不离不弃】【庚澈】一个让你前一秒嚎啕大哭，后一秒让你笑得丧心病狂的视频', '【姚弛】除了照骗还有什么···', '【帧没想到】专访李庚希：请问自己嗑自己CP是怎样一种体验', '《悲伤逆流成河》齐铭、易遥趣味采访精剪，看看他们戏外多可爱！！', '【李庚希专访】这么可爱又真实的李庚希谁不爱', '官方认证，方一凡丶乔英子，李庚希采访中被房CP甜到', '乔英子可爱的弟弟李庚希接受【星月Show2019】专访', '【关晓彤】200123 “95拜年梗”×《二十不惑》剧组拜年', '李庚希《宠坏》']",100000574,5246,3,3,7,0,0,34,['这好像不是二十不惑的吧？这个是演员不ng的']
HBL宝岛台湾篮球南山高中纪录片那年·南山EP02：不存在尽力而为 只存在达到要求,2020-03-28 21:56:24,"['篮球', '体育', '生活', '运动', '励志', '运动', '大学', '比赛', '高中', 'HBL']","https://www.youtube.com/watch?v=1hBxFG_PPc4
转自youtube麦卡贝频道,侵权请告知，必删。
由于这一集的内容很好，所以我还是决定上传。如果本期点赞和投币没有超过上一集的话呢，就没有办法，只好等到节目完全播出后给大家搬运啦。","['《夺冠》电影独家热播中！', 'HBL宝岛台湾篮球南山高中纪录片那年·南山EP03：联赛开打', 'HBL宝岛台湾篮球南山高中纪录片那年·南山EP01：共好', 'HBL宝岛台湾篮球南山高中纪录片那年·南山EP06（最终集）：未 来', 'HBL宝岛台湾篮球南山高中纪录片那年·南山EP05：学生球员', '2018年HBL高中联赛 四强纪录片', 'HBL高中篮球纪录片《那年.南山》|EP1共好', 'HBL高中篮球纪录片《那年.南山》|EP3选择', 'HBL宝岛台湾篮球南山高中纪录片那年·南山EP04：目标四强', '【台湾篮球纪录片】那年·南山，第四集，高中生的热血篮球', '2020年-2021年台湾HBL高中篮球联赛——小组赛 松山高中vs南山高中', 'HBL高中篮球纪录片《那年.南山》|EP2一生一次', '2019年-2020年台湾HBL高中篮球联赛 台湾教练们的场边话', '【台湾纪录片】--《夢踐美國》讲述了台湾高中篮球少年的NBA梦想', '2019年-2020年 台湾HBL高中篮球联赛-复赛 南湖高中 vs 松山高中', '【台湾篮球纪录片】那年·南山，第三集，高中生的热血篮球', '中国台湾政大雄鹰杯 | 北京清华大学99-85台湾政治大学 | 全场集锦', '【台湾篮球纪录片】那年·南山，第五集，高中生的热血篮球', '回顾逆转绝杀！2019年HBL高中联赛-四强赛：能仁vs松山', '【幕后合集】认识蓝魔！2019-20杜克男篮纪录片蓝色星球', '两岸高中篮球邀请赛  南山高中 vs 沈阳三十一中']",100000577,1865,20,12,32,29,13,73,"['HBL开赛在即，入选正式球员名单只有12人。在南山高中，每一个人都为了能够站在HBL的舞台上，拼尽了全力。落选的球员告诉自己：“没关系，要有一次”，却还要忍受着不甘和失落，入选的球员，盼着能够上场，不辜负支持他们的父母和球迷的期待。但是，自强不息的精神，如果没有遭受过现实磨炼，说到底不过是一句口号而已。不存在尽力而为的努力，只存在努力做到要求。本期点赞和投币视频如果没有超过EP01的话，那没办法只好等待播出完后，再上传啦~~~谢谢各位的一键三连啦。', '发现宝藏up', '好喜欢这种感觉，自从上了初中之后就没有这种气氛了诶...', '来了来了，他真的来了，新的南山航空-杨承!励志的纪录片，让我们了解到中国台湾的校园篮球及生活。', '希望能继续上传吧']"
【碳酸教父|深渊巨喉】教父加油！！,2020-03-28 17:38:31,"['美食', '美食', '美食测评', '日常', '美食圈', '美食视频', '深渊巨喉', '碳酸教父', 'BadlandsChugs']","https://www.youtube.com/watch?v=h3GMqVS-90A
░░░░░░░░░░░▄▄
░░░░░░░░░░░█░█
░░░░░░░░░░░█░█
░░░░░░░░░░█░░█
░░░░░░░░░█░░░█
███████▄▄█░░░██████▄
▓▓▓▓▓▓█░░░░░░░░░░░░█
▓▓▓▓▓▓█░░░░░░░░░░░░█
▓▓▓▓▓▓█░░░░░░░░░░░█
▓▓▓▓▓▓█░░░░░░░░░░░█
▓▓▓▓▓▓█░░░░░░░░░░█
▓▓▓▓▓▓████","['【碳酸教父|深渊巨喉】史上最牛逼的惊天巨嗝！！！！！！！！手机都跟着震', '碳酸教父失手', '【碳酸教父|深渊巨喉】从未有过的4L无糖可乐吨吨吨|BadlandsChugs', '【碳酸教父|深渊巨喉】百万订阅的教父喝下了整个海洋 变态级吨吨吨｜英文字幕｜Badlandschugs', '【碳酸教父|深渊巨喉】首次挑战满高jio杯可乐，足足有2.5加仑', '【碳酸教父】山上的露珠在一个巨大的酒杯里咕噜作响(2020年9月8日7时36分)', '【碳酸教父|深渊巨喉】惊天动地巨嗝！！！！！！！！！！！！！！BadlandsChugs', '【碳酸教父|深渊巨喉】2L的蓝莓苏打高jio杯粗品', '【碳酸教父|深渊巨喉】宠粉的胡椒博士高jio杯挑战', '【碳酸教父|深渊巨喉】超长版本-和朋友的双高jio杯挑战|靴子挑战| BadlandsChugs| Leon Lush', '【碳酸教父|深渊巨喉】雪碧+香蕉的呕吐挑战|油管324万播放|这是一个有点儿恶心的视频|BadlandsChugs', '【碳酸教父｜深渊巨喉】这也太TM冰了！', '【碳酸教父|深渊巨喉】高jio杯   爷青回|BadlandsChugs', '【碳酸教父|深渊巨喉】3分钟之内教父能喝下多少瓶零度可乐|BadlandsChugs', '【碳酸教父|深渊巨喉】浓稠苹果汁高jio杯', '【碳酸教父|深渊巨喉】3分钟教父能喝下多少瓶佳得乐（需要课代表）', '【碳酸教父|深渊巨喉】三种不同饮料的靴子顿顿顿挑战| BadlandsChugs', '【碳酸教父|深渊巨喉】激浪高jio杯，i了i了', '【碳酸教父|深渊巨喉】养   生   教   父', '【碳酸教父|深渊巨喉】感恩节祝福：恶龙咆哮|开幕雷击|BadlandsChugs']",100000598,38403,60,94,35,17,28,603,"['说口服液的是巴不得教父死啊', '你们巴不得教父渴死', '教父尽整些口服液喝[doge]', '你说教父加油？教父要挂了？', '这是口服液＋维他命粉']"
孩子玩迷你充钱，家长无力管制，客服电话空号,2020-03-28 19:43:41,"['生活', '其他', '手机游戏', '手游', '熊孩子', '吐槽', '充值', '迷你屎界', '全能打卡挑战']","我是来找迷你客服电话的
但是我看到了这张帖子
迷你真是死皮不要脸","['小女孩玩迷你世界七天充值三万多元', '儿子用自己手机游戏充值11万多，试图申请退款，损失难以追回', '母亲怒送10岁儿子进派出所：3岁开始沉迷网游 7年充值近10万元', '看看这抖音百万粉主播有多恶心，哄骗少女万元礼物的嘴脸让人可恨', '小学生骗钱被我告诉家长！当场被骂哭？', '4天充值18万！有孩子上网课的家长一定要看', '熊孩子偷钱充值游戏，家长责令捡废品“还债”', '家长在崩三群里怒吼：你们害死我儿子了！是不是人啊！群主出来！', '迷你世界主播教孩子删除十万充值记录', '父亲凌晨起来上厕所，发现孩子正在氪648。', '熊孩子上网课玩游戏充值5000多元，妈妈联系某平台却被当场拒绝', '小学生玩游戏入迷，以为自己会飞跳楼摔成重伤。这个故事告诉我们。永远不要玩迷你世界。害人害己。要玩就玩我的世界。', '熊孩子玩部落冲突，一个月不到就充了3万多，记者介入。', '新闻上看“热闹”结果自家孩子网游充值，卡里钱不翼而飞', '震惊！迷你世界又害了一名孩子！被父亲逼她到派出所去自首！', '【迷你世界】听振兴的话', '当你成年那天的凌晨，防沉迷会解除吗？', '10岁女童打赏主播200万元，全家倾家荡产，主播平台却称只能退3万', '刷卡余额不足 儿子游戏充值', '给迷你世界客服打电话，MC笑了！']",100000600,276,0,3,1,0,0,13,"['av100000600', '。。。']"
【SOCCER.COM】Nike Tiempo Legend 4 Vibes | 耐克 未来DNA Tiempo 8,2020-03-28 18:42:12,"['足球', '体育', '生活', '运动', 'YOUTUBE', '搬运', '运动', 'NIKE', '传奇', '足球鞋']","YouTube
凭借他们的Future DNA靴子的第四次发布，耐克再次给我们带来了热潮-Future DNA Tiempo Legend 8，采用了2011年以来的Tiempo Legend 4的油漆作业。","['《夺冠》电影独家热播中！', '进化得有点多？——NIKE tiempo legend 8 测评', '全新耐克传奇第7代足球鞋全面体验，顶级后卫的不二选择！', 'C罗不爱，内少嫌弃！但它才是耐克球鞋的亲儿子', '【罗叶麻boots第5期】平凡的传奇：Nike Tiempo Legend 8 Pro TF', '传奇再续丨NIke Legend 7 Elite 视频评测', '还好有录像机，不然这一瞬间就看不到了，他还以为没人看到', '是表现平平还是实战利器？耐克传奇8 TF实战测评', '耐克Tiempo 传奇8 TF 激光红配色', '【海星汤】双十一必入足球鞋推荐：Nike Tiempo Legend 8 Club', 'NIKE LEGEND8 CLUB TF传奇黑色', '测评 | 8年前产的第二代耐克tiempo传奇顶级足球鞋还能战否 | 佳能m50拍摄', '耐克官网被无良贩子逼上绝路？', 'Nike 传奇8测评 令人惊讶还是失望', '我的 NIKE T90 开胶太严重了！——‘小李子’球鞋保养服务体验测评', '耐克传奇8中端AG，学生党的一款实战利器（球鞋开箱评测）', 'NFL职业运动员VS大学橄榄球体育生的一天？运动使人快乐！', '外观相同内在却天壤之别，揭秘真假球鞋的最大区别！', '传奇8并非你所想那样 浅谈', 'Nike传奇复古新品评测，这款式你可以吗？', 'ENJOYZ OneTake丨Nike传奇8特辑']",100000622,394,3,6,6,0,2,10,"['👴来了', '可惜了，越南产真的劝退了']"
【蒙娜丽慧】《动物之森》摇钱树篇,2020-03-28 18:31:46,"['动物之森', '游戏', '网络游戏', '网络游戏', '游戏视频', '娱乐', '日常', '自制']",-,"['《动物森友会》怎么种摇钱树的小技巧', '【动物森友会】获取攻略第1弹！高达图纸+摇钱树+金色道具+星变身棒+衣柜+背包扩充第4栏+梯子铲子撑杆+快捷工具+英雄机器人图纸+铁矿石《动物之森》Switch', '如何在《集合啦！动物森友会》中种植一颗摇钱树【攻略】', '动物之森/动物森友会--什么？种下小钱钱就会长出三倍小钱钱？还有这么赚钱的方法？摇钱树（发财树）的种植方法！', '【动物森友会】66个必备小技巧！动森知识点_新手攻略_动物之森Switch', '【攻略】动物之森 花园吸金大法 稳定赚钱一趟6万+ 做梦都笑醒', '种什么得什么！《动物森友会》种下铃钱得摇钱树！', '【攻略03】最赚钱的发财正道千万别错过！大家一起炒萝卜！集合吧，动物森友会', '【动物森友会】摇钱树终极指南 收益最大化+100%获得3倍铃钱 | 杜博士与夏一跳', '【全网首发】动森最强摇钱树&发财树最强攻略【动物之森&动物森友会】', '【动物之森/JinTonik】集合啦！动物森友会: 科学植树，教你致富--如何找出本金9w9摇钱树的秘密/ 正当手段，非作弊，只有满满的科学精神', '【动物之森/动物森友会】设计师打造的赛博朋克小岛', '我钓了个什么玩意', '【动森财经大讲堂】如何种摇钱树（因房贷和炒大头菜致贫UP主的致富之路！）', '动物之森 新手必看干货！【xkun孤岛生存系列 0.1】', '全网首发 动物之森全剧情道具解锁攻略第二期', '听说纳豆奶奶改了日本国籍？', '【动森】8个英雄机器人开技能特效！有丶帅', '【动物之森】来钱最快的方法，一个小时三百万（BUG）', '动物之森 星空✨银河 我的小屋']",100000654,203,0,0,0,0,0,0
梅姓第四代传人，男旦，有被惊艳到,2020-03-28 18:59:14,"['戏曲', '生活', '日常', '国粹', '男旦']","抖音
偶然刷视频看到","['【叁玖39】 男旦   让你惊艳的声音', '【首届少京赛】京剧《锁麟囊》白昊青（10岁程派小男旦比赛合集）', '【反串男旦】现代京剧《红灯记》铁梅', '10岁的小陶阳还带“叫小番”，小女孩比他更厉害，京剧《坐宫》', '男旦', '【专题片】最后的男旦——杨磊', '小男旦 程派锁麟囊 春秋亭', '十岁小男旦演唱京剧《锁麟囊》一霎时选段，这水平不是一般的高啊。', '京剧程派殷婵娟学生，8岁小男旦吕程锦，全国和平杯金奖颁奖晚会表演与访谈', '男旦 巴特尔《贵妃醉酒》海岛冰轮初转腾', '胡文阁: 人生·艺术·梅派', '【豫剧男旦】连德志豫剧《拷红》', '刘桂娟 程派名剧《锁麟囊》选段 耳听得悲声惨心中如捣', '小伙儿Cos铁镜公主', '张君秋 俞振飞 玉堂春_标清', '京剧程派《白蛇传》·你忍心将我伤', '荀派花旦王梦婷小姐姐唱锁麟囊', '程派 穆桂英挂帅 猛听得……太魔性太洗脑', '杨赤院长一赶三《沙家浜·智斗》：我斗我自己！', '迟小秋 京剧《锁麟囊-朱楼找球》早期版本']",100000658,86,0,0,0,0,0,3
建议改成：标 准 结 局,2020-03-28 19:00:33,"['搞笑', '生活', '搞笑', '搞笑视频', '高能', '娱乐']",-,"['《夺冠》电影独家热播中！', '这不比博人传热血？[doge]', '某大型火锅连锁店惊现超级服务，看完以后你一定想去试试！', '“体育特差生图鉴”', '震惊，锤子妈竟然如此强势…', '变身金刚芭比︱紧身皮裤、深V透视、渔网破洞、最炫民族风初尝试', '下 辈 子 别 那 么 调 皮 了', '《中国医生图鉴》', '这是排位！', '“全 TM 是大场面！#2”', '于谦九大名场面：你大爷终归是你大爷！', '各大视频平台是如何忽悠你充会员的？！味太冲了', '一个人怎么就不能去吃火锅了？', '快上车！', '小姐姐你这样让我们很没面子的', '泡面突然飞了！小伙伴差点被吓尿裤子！', '《 以 讹 传 讹 》？？？', '奇葩说与我，八字不合', '高 情 商 话 术', '细思极恐（二）', '建议改成：欧 皇']",100000677,8,0,1,2,6,0,4,['自己人[热词系列_三连]']
麻雀-李荣浩,2020-03-28 18:56:55,"['李荣浩', '音乐', '音乐现场', '音乐现场', 'MV', '单曲', '麻雀']",,"['又一神仙合作！陈立农x李荣浩《如果这都不算爱》', '【Live】李荣浩《甘心替代你》', '陈立农和老師李荣浩合唱《如果这都不算爱》完整版! 师生再度合作 太好听啦！', '【mew】NAN NA发布会唱歌合集', '【官方现场】Taylor Swift录音室现场版《exile》', '【美好的时光】-下雨天-【李荣浩/汪苏泷/陈立农/欧阳娜娜/蒋一侨】', '吉他手！李荣浩老师！（你们要的金曲奖现场，安排）', '李荣浩版你爱我还是他，中间那段吉他SOLO帅呆了', '李荣浩现场solo', '李荣浩，陈立农-《如果这都不算爱》', '【韩宝仪】“甜歌皇后”巅峰时期与天后齐名，她的歌你是否听过？', '【ChiliChill】恋爱困难少女【MV】', '嘘', '那些青春电影里的情怀歌曲，每一首都是满满的回忆！', '【Singto】狮子独唱《你是否曾经爱过我》【中字】【空耳】学歌', '【汪苏泷】这首《小段》是他送给愿意倾听陪伴他音乐的听众朋友的歌', '早安 打工人-歌词MV OFFICIAL', '【ChiliChill】看不见我【本家】', '【Live】李荣浩、陈立农《如果这都不算爱》', '迷途《第一时间》敬久违的朋友们!']",100000684,14,0,0,0,0,0,0
